,Unnamed: 0,City,Country,Cost.of.Living.Index,Rent.Index,Cost.of.Living.Plus.Rent.Index,Groceries.Index,Restaurant.Price.Index,Local.Purchasing.Power.Index,Milk(regular)(1 liter),Monthly.Pass,Apartment(1.bedroom).in.City.Centre,"Internet(10 Mbps, Unlimited Data, Cable/ADSL)",Cappuccino(regular),Water(0.33 liter bottle),Eggs(12),Water(1.5 liter bottle),Domestic Beer (0.5 liter bottle),One-way Ticket (Local Transport),"Basic (Electricity, Heating, Water, Garbage) for 85m2 Apartment","Cinema, International Release, 1 Seat",Apples (1kg),Continent,SubContinent
0,0,Aachen,Germany,62.14,22.3,43.38,52.39,56.62,153.14,0.71,55.8,509.62,29.33,2.55,1.67,1.38,0.66,1.0,2.93,169.11,8.93,2.05,Europe,Western Europe
1,1,Aalborg,Denmark,81.71,23.53,54.31,63.84,95.81,118.42,0.94,57.64,618.33,30.7,4.16,2.05,3.35,1.43,2.05,3.3,176.8,14.99,2.29,Europe,Northern Europe
2,2,Aberdeen,United Kingdom,82.12,33.49,59.22,62.94,97.71,124.41,1.3,78.64,871.27,29.95,3.58,1.18,2.76,1.83,2.15,3.41,307.68,13.11,2.79,Europe,Northern Europe
3,3,Abu Dhabi,United Arab Emirates,62.74,69.91,66.12,53.59,61.65,134.74,1.76,21.78,1868.95,87.22,4.57,0.32,2.69,0.65,2.42,0.54,78.84,9.53,2.35,Asia,Western Asia
4,4,Accra,Ghana,64.16,46.19,55.7,59.38,49.11,15.31,2.39,200.0,1041.59,57.78,2.52,1.05,2.41,0.72,1.95,0.84,64.59,7.33,2.88,Africa,Western Africa
5,6,Addis Ababa,Ethiopia,45.17,21.85,34.19,37.27,23.8,17.63,1.0,10.0,215.5,197.71,0.81,0.54,2.02,0.84,0.97,0.25,15.68,2.75,4.83,Africa,Eastern Africa
6,7,Adelaide,Australia,79.34,33.66,57.83,74.0,78.34,137.87,1.08,90.14,988.98,47.48,3.14,1.84,3.61,1.77,3.79,3.01,154.08,14.11,2.96,Oceania,Australia and New Zealand
7,8,Ahmedabad,India,23.99,5.32,15.2,24.59,15.88,72.71,0.7,7.08,125.92,17.31,1.3,0.2,0.92,0.42,1.96,0.3,45.29,2.98,1.82,Asia,Southern Asia
8,13,Alessandria,Italy,85.32,9.01,49.39,78.69,76.42,119.38,0.81,44.08,223.19,30.13,1.38,1.12,2.79,0.42,0.78,1.67,214.82,8.93,1.67,Europe,Southern Europe
9,14,Algiers,Algeria,33.92,10.12,22.71,34.02,26.54,41.82,0.25,10.97,262.01,35.64,1.14,0.21,1.13,0.27,1.48,0.27,32.3,4.57,1.59,Africa,Northern Africa
10,15,Alicante,Spain,57.09,15.7,37.6,43.99,49.6,85.68,0.9,36.16,502.18,38.92,1.69,1.33,1.56,0.48,0.69,1.62,113.23,8.93,1.17,Europe,Southern Europe
11,17,Almaty,Kazakhstan,31.03,12.24,22.18,25.15,32.52,50.24,0.86,17.65,323.61,12.49,1.62,0.29,0.97,0.42,0.61,0.24,64.32,3.53,1.07,Asia,Central Asia
12,18,Amman,Jordan,58.61,13.71,37.47,48.76,57.05,46.07,1.62,42.38,425.52,39.71,4.33,0.39,2.09,0.57,4.87,0.71,73.3,11.3,2.22,Asia,Western Asia
13,19,Amsterdam,Netherlands,79.9,50.82,66.21,63.04,87.52,105.97,1.07,90.95,1464.35,34.92,3.08,2.16,2.86,1.19,1.18,3.24,156.54,12.28,2.75,Europe,Western Europe
14,21,Ankara,Turkey,44.84,9.02,27.97,39.6,33.33,70.6,0.85,37.16,293.26,18.72,2.25,0.28,1.87,0.4,2.01,0.81,90.5,5.07,1.08,Asia,Western Asia
15,23,Antalya,Turkey,44.48,7.49,27.06,38.9,34.2,60.66,0.84,40.53,216.57,17.12,2.42,0.29,1.81,0.49,2.01,0.68,76.58,5.07,0.83,Asia,Western Asia
16,24,Antwerp,Belgium,79.2,27.41,54.81,70.48,89.04,99.12,1.04,51.33,765.41,49.76,2.95,2.14,2.58,1.08,1.12,2.68,145.52,11.16,2.34,Europe,Western Europe
17,25,Arad,Romania,34.74,8.1,22.2,28.77,26.16,61.51,0.92,16.28,263.51,9.49,1.21,0.65,1.78,0.51,0.73,0.5,74.62,5.14,0.86,Europe,Southeast Europe
18,26,Arhus,Denmark,81.83,32.82,58.75,59.12,102.57,122.82,0.9,56.21,861.92,24.71,5.21,2.11,3.3,1.22,1.8,3.0,175.86,14.24,2.28,Europe,Northern Europe
19,29,Astana,Kazakhstan,31.02,16.27,24.07,23.47,32.11,45.96,0.69,14.71,367.74,12.91,1.94,0.28,0.79,0.41,0.7,0.26,43.64,4.41,1.11,Asia,Central Asia
20,30,Asuncion,Paraguay,32.51,9.03,21.45,24.96,26.97,43.43,0.8,25.86,269.03,56.29,1.64,0.49,1.15,0.6,0.81,0.42,51.72,6.33,1.93,Americas,South America
21,31,Athens,Greece,58.75,12.24,36.85,45.43,64.36,56.39,1.37,33.48,294.16,22.66,3.24,0.56,3.46,1.05,1.38,1.56,167.14,8.37,1.51,Europe,Southern Europe
22,33,Auckland,New Zealand,83.71,45.32,65.63,75.33,74.33,104.64,1.91,101.49,1223.1,61.15,3.33,2.1,4.03,1.73,3.64,3.26,147.02,13.05,2.57,Oceania,Australia and New Zealand
23,35,Baghdad,Iraq,47.87,17.03,33.35,36.71,45.15,63.93,1.09,17.18,450.0,83.75,1.61,0.31,1.62,0.79,1.6,1.0,141.8,10.0,1.17,Asia,Western Asia
24,37,Baku,Azerbaijan,29.25,10.84,20.58,24.09,32.12,35.76,0.77,7.34,309.99,13.58,2.63,0.18,1.22,0.39,0.7,0.12,41.45,4.28,0.68,Asia,Western Asia
25,38,Bali,Indonesia,39.7,13.57,27.4,42.44,22.62,26.44,1.58,28.99,207.07,36.71,1.94,0.31,1.52,0.5,1.34,0.38,73.27,3.76,2.47,Asia,South-Eastern Asia
26,41,Bandung,Indonesia,35.51,7.67,22.4,41.88,15.87,29.78,1.34,16.19,152.95,33.21,1.51,0.17,1.26,0.34,2.13,0.34,29.38,3.01,3.19,Asia,South-Eastern Asia
27,42,Bangalore,India,26.23,8.67,17.96,26.86,16.46,103.17,0.55,17.89,209.9,17.81,1.38,0.2,0.84,0.43,1.42,0.31,21.71,4.47,2.29,Asia,Southern Asia
28,43,Bangkok,Thailand,50.51,25.91,38.93,55.05,26.04,49.86,1.48,34.66,596.32,17.92,2.2,0.27,1.73,0.51,1.67,0.87,82.19,5.78,3.23,Asia,South-Eastern Asia
29,44,Banja Luka,Bosnia And Herzegovina,35.66,6.73,22.04,28.4,26.8,55.04,0.84,20.82,199.61,18.38,0.97,0.69,1.62,0.57,0.53,0.91,133.47,2.85,0.82,Europe,Southeast Europe
30,45,Barcelona,Spain,64.25,27.46,46.93,53.25,62.07,92.16,0.9,58.03,807.67,39.54,1.83,1.19,2.04,0.71,0.99,2.34,142.53,8.93,1.91,Europe,Southern Europe
31,46,Bari,Italy,66.42,15.36,42.38,56.99,60.73,60.91,1.3,39.06,396.16,27.06,1.36,1.05,2.61,0.52,1.12,1.12,167.36,7.81,1.48,Europe,Southern Europe
32,47,Barrie,Canada,70.65,27.03,50.11,69.04,62.51,132.95,1.55,51.35,755.78,50.86,2.71,1.14,2.38,1.97,2.17,2.36,156.82,8.66,1.91,Americas,North America
33,48,Basel,Switzerland,130.43,49.86,92.49,133.13,120.9,130.14,1.54,77.37,1213.16,46.26,4.53,3.45,6.06,1.43,1.86,3.66,235.22,18.58,3.44,Europe,Western Europe
34,49,Bath,United Kingdom,82.73,41.54,63.33,82.7,76.56,130.75,1.47,62.91,993.89,26.89,3.05,1.36,4.85,1.18,2.16,2.88,144.17,12.45,4.59,Europe,Northern Europe
35,50,Beersheba,Israel,79.74,18.53,50.92,66.15,77.41,84.54,1.46,52.78,488.24,23.97,3.3,1.74,3.1,0.79,2.11,1.13,174.04,10.29,2.08,Asia,Western Asia
36,51,Beijing,China,51.84,41.96,47.19,51.41,37.36,67.87,1.8,28.45,1043.52,20.05,4.37,0.31,2.13,0.65,0.9,0.6,47.06,11.98,1.98,Asia,Eastern Asia
37,52,Beirut,Lebanon,62.26,40.23,51.88,45.48,61.06,60.16,2.03,45.0,1174.73,66.43,3.49,0.44,3.13,0.69,1.21,1.33,138.47,9.96,1.92,Asia,Western Asia
38,53,Belfast,United Kingdom,62.65,23.6,44.26,57.26,70.79,109.29,1.18,66.84,725.53,25.99,3.16,1.14,2.38,1.11,1.82,2.62,88.67,7.86,3.05,Europe,Northern Europe
39,54,Belgrade,Serbia,36.86,10.08,24.25,26.6,32.99,44.06,0.86,29.02,301.32,14.57,1.41,0.78,1.38,0.45,0.64,0.81,136.69,4.08,0.81,Europe,Southeast Europe
40,55,Belo Horizonte,Brazil,46.94,13.22,31.07,37.26,34.83,44.89,0.83,46.33,385.31,23.92,1.46,0.65,1.66,0.94,1.5,1.11,82.45,6.8,1.83,Americas,South America
41,56,Bergamo,Italy,73.26,20.52,48.43,58.0,87.04,89.36,1.32,38.5,589.86,30.25,1.56,1.3,3.17,0.59,1.29,1.45,156.02,10.04,2.05,Europe,Southern Europe
42,57,Bergen,Norway,105.59,43.49,76.35,94.86,112.63,112.84,1.77,89.53,1187.1,44.28,4.54,2.79,3.67,1.99,3.51,4.33,223.67,14.42,3.15,Europe,Northern Europe
43,59,Berlin,Germany,65.68,27.97,47.92,52.12,57.43,122.4,0.77,89.28,755.92,26.73,2.67,1.56,2.0,0.49,0.92,3.01,248.84,11.16,2.09,Europe,Western Europe
44,60,Bern,Switzerland,120.3,46.38,85.49,118.18,117.81,144.0,1.32,78.39,1272.55,40.98,4.4,2.99,5.16,1.0,2.04,3.97,137.96,18.32,3.9,Europe,Western Europe
45,61,Bhopal,India,25.64,4.35,15.62,21.05,12.76,58.81,0.63,7.46,122.27,18.64,0.84,0.19,0.83,0.39,1.46,0.3,33.98,3.73,1.41,Asia,Southern Asia
46,62,Bhubaneswar,India,22.44,4.15,13.83,23.27,12.9,65.31,0.54,4.47,105.0,18.56,0.96,0.14,0.86,0.37,1.45,0.3,21.15,3.73,1.83,Asia,Southern Asia
47,63,Bilbao,Spain,65.24,27.72,47.58,55.19,69.37,97.83,0.98,37.94,806.53,33.34,1.55,1.33,1.97,0.86,1.0,1.56,150.18,8.93,1.86,Europe,Southern Europe
48,65,Birmingham,United Kingdom,68.23,28.54,49.54,56.23,73.46,107.67,1.23,75.36,905.97,26.5,3.3,1.29,2.4,1.49,1.78,2.88,186.18,10.49,2.44,Europe,Northern Europe
49,66,Bishkek,Kyrgyzstan,33.13,12.12,23.24,28.19,24.69,29.18,0.73,6.4,369.77,40.35,1.54,0.39,1.3,0.45,0.72,0.15,51.0,4.5,1.3,Asia,Central Asia
50,67,Bogota,Colombia,36.18,14.18,25.82,30.39,26.07,40.46,0.89,27.32,391.51,27.2,1.28,0.64,1.46,1.07,0.89,0.68,83.23,4.1,1.91,Americas,South America
51,69,Bologna,Italy,68.94,23.85,47.71,59.31,73.98,98.03,1.39,40.17,657.01,31.73,1.6,1.13,2.61,0.39,1.62,1.45,162.66,8.93,1.74,Europe,Southern Europe
52,70,Bolzano-Bozen,Italy,82.74,28.07,57.0,77.43,81.57,79.31,1.32,22.32,836.96,27.62,2.01,1.43,4.35,0.84,1.55,1.67,133.54,11.16,2.08,Europe,Southern Europe
53,71,Bonn,Germany,65.25,28.0,47.71,44.66,68.74,110.13,0.67,78.12,829.99,27.15,3.05,1.67,1.19,0.21,1.19,3.12,312.23,10.04,1.71,Europe,Western Europe
54,74,Bournemouth,United Kingdom,75.59,33.68,55.85,69.91,74.62,93.27,1.06,72.08,791.84,27.83,3.18,1.28,2.85,1.09,1.64,3.15,176.12,11.8,2.29,Europe,Northern Europe
55,75,Braga,Portugal,46.84,11.82,30.35,36.51,36.23,70.01,0.63,35.71,344.55,21.6,0.98,0.71,1.62,0.87,0.91,1.73,95.71,6.7,1.25,Europe,Southern Europe
56,76,Brasilia,Brazil,51.46,17.01,35.24,39.84,46.02,59.25,0.95,42.01,426.62,25.68,1.72,0.82,1.67,1.1,1.68,1.16,58.71,7.72,1.83,Americas,South America
57,77,Brasov,Romania,35.57,8.66,22.9,28.37,31.28,59.83,1.02,17.54,246.55,6.9,1.45,0.96,1.66,0.56,0.71,0.5,96.81,6.26,0.77,Europe,Southeast Europe
58,78,Bratislava,Slovakia,49.31,20.38,35.69,43.62,38.53,74.13,0.81,30.02,587.81,15.51,2.01,1.16,2.01,0.76,0.79,1.0,185.53,7.81,1.47,Europe,Central Europe
59,79,Bremen,Germany,60.75,21.52,42.28,41.66,65.33,161.8,0.77,66.96,506.83,30.99,2.58,1.67,1.77,0.78,0.69,3.01,214.13,13.39,1.9,Europe,Western Europe
60,80,Brescia,Italy,63.1,17.32,41.55,51.82,66.43,102.19,1.19,39.06,528.21,22.32,1.59,1.19,2.12,0.33,1.14,1.56,197.15,10.04,1.47,Europe,Southern Europe
61,81,Brighton,United Kingdom,78.89,43.23,62.1,66.8,89.47,87.14,1.2,90.43,1110.39,29.06,3.39,1.41,3.23,1.63,2.16,3.15,182.87,13.11,2.98,Europe,Northern Europe
62,82,Brisbane,Australia,78.97,46.68,63.76,71.87,78.81,131.13,0.99,116.62,1411.86,53.14,3.23,2.06,3.3,1.71,4.18,3.76,131.19,11.29,2.86,Oceania,Australia and New Zealand
63,83,Bristol,United Kingdom,74.34,37.61,57.04,64.49,83.44,98.9,1.0,86.5,1065.61,27.46,3.35,1.11,2.54,1.26,2.03,1.97,174.92,11.8,3.18,Europe,Northern Europe
64,84,Brno,Czech Republic,41.93,14.69,29.1,36.09,28.41,81.93,0.65,22.71,426.86,15.24,1.62,0.85,1.44,0.53,0.59,1.03,164.45,6.61,1.06,Europe,Central Europe
65,86,Brussels,Belgium,77.13,32.58,56.15,66.25,86.92,107.5,1.19,54.68,862.96,43.38,3.06,1.94,3.15,1.1,1.39,2.34,147.0,11.16,1.8,Europe,Western Europe
66,87,Bucharest,Romania,39.34,12.35,26.63,31.2,35.91,54.54,1.03,15.03,372.77,7.87,1.9,1.03,1.97,0.59,0.75,0.38,105.78,6.26,0.91,Europe,Southeast Europe
67,88,Budapest,Hungary,44.66,15.0,30.7,34.54,34.59,54.73,0.79,34.26,416.74,14.5,1.39,0.6,1.73,0.37,0.83,1.26,164.63,5.95,1.1,Europe,Central Europe
68,89,Buenos Aires,Argentina,58.25,16.83,38.75,46.73,58.47,59.82,1.2,21.24,438.68,37.91,2.8,1.24,2.05,1.22,1.87,0.43,103.66,8.98,2.31,Americas,South America
69,92,Bursa,Turkey,42.73,7.18,25.99,36.99,29.29,73.36,0.75,27.02,187.78,17.79,2.05,0.23,1.66,0.38,1.89,0.84,80.66,4.73,0.9,Asia,Western Asia
70,93,Bydgoszcz,Poland,39.89,12.04,26.77,31.25,36.3,69.55,0.59,22.54,363.69,14.54,1.88,0.7,1.79,0.47,0.69,0.77,130.77,6.4,0.61,Europe,Central Europe
71,94,Cagliari,Italy,75.29,21.64,50.03,62.95,76.62,56.64,1.23,33.48,604.01,28.16,1.32,1.26,2.35,0.26,1.18,1.34,290.93,8.37,2.42,Europe,Southern Europe
72,95,Cairns,Australia,78.5,30.75,56.02,72.96,79.96,87.29,0.99,96.53,700.83,60.19,3.37,1.94,3.56,2.13,3.95,3.01,115.37,13.92,3.2,Oceania,Australia and New Zealand
73,96,Cairo,Egypt,35.52,9.33,23.19,31.49,29.98,35.68,1.02,6.77,280.92,50.22,2.08,0.26,1.33,0.37,1.41,0.23,25.97,5.08,1.69,Africa,Northern Africa
74,97,Calgary,Canada,75.59,35.69,56.8,74.44,73.66,133.0,1.5,75.7,1022.19,43.54,3.26,1.36,2.56,1.36,2.65,2.41,132.21,10.32,3.07,Americas,North America
75,98,Cali,Colombia,29.41,7.29,18.99,24.06,22.65,35.29,0.88,32.78,194.63,28.82,1.42,0.57,1.5,0.8,0.69,0.61,47.18,3.41,1.6,Americas,South America
76,99,Cambridge,United Kingdom,75.12,43.75,60.35,61.83,85.1,125.5,1.21,70.77,1308.88,30.07,3.04,1.24,2.85,1.22,2.03,3.15,222.42,13.11,2.76,Europe,Northern Europe
77,100,Campinas,Brazil,53.12,16.88,36.06,40.43,41.82,57.84,0.94,46.95,429.32,25.21,1.62,0.85,1.89,0.82,1.11,1.16,72.43,8.34,2.35,Americas,South America
78,101,Canberra,Australia,75.97,44.15,60.99,73.4,75.45,164.92,1.26,75.24,1371.81,53.09,2.99,1.94,3.36,1.55,3.43,3.08,115.07,11.29,2.87,Oceania,Australia and New Zealand
79,102,Cancun,Mexico,37.89,11.22,25.34,30.94,35.53,63.52,0.85,42.62,293.96,25.1,2.09,0.45,1.5,0.67,0.87,0.56,66.96,3.73,1.48,Americas,North America
80,103,Cape Town,South Africa,38.15,21.62,30.37,30.92,37.72,107.47,0.84,22.78,562.97,57.88,1.47,0.63,1.52,0.91,1.31,0.76,66.61,4.49,1.26,Africa,Southern Africa
81,104,Caracas,Venezuela,54.25,10.49,33.64,39.35,43.21,2.05,0.97,6.0,400.0,105.07,0.96,0.41,1.75,0.88,1.0,1.3,54.75,2.0,4.83,Americas,South America
82,105,Cardiff,United Kingdom,67.14,25.7,47.63,57.9,73.25,125.08,1.1,62.91,793.4,26.98,3.27,0.94,2.2,1.31,2.06,2.36,142.28,7.86,1.97,Europe,Northern Europe
83,106,Casablanca,Morocco,37.43,14.72,26.73,33.55,25.22,49.44,0.77,20.5,457.65,23.91,1.3,0.39,1.41,0.62,1.75,0.62,41.65,6.15,1.52,Africa,Northern Africa
84,107,Catania,Italy,64.14,14.38,40.71,49.97,59.83,61.72,1.12,44.64,362.68,34.04,1.79,1.23,2.23,0.35,2.23,1.12,200.87,9.49,1.67,Europe,Southern Europe
85,108,Cebu,Philippines,40.88,12.17,27.36,40.22,25.97,27.1,1.66,15.05,412.59,51.66,2.36,0.41,1.68,0.72,0.78,0.15,94.09,4.51,2.53,Asia,South-Eastern Asia
86,109,Chandigarh,India,25.64,6.46,16.61,25.49,17.68,64.32,0.64,5.37,152.84,29.52,1.28,0.23,0.89,0.43,1.18,0.22,36.7,2.98,1.56,Asia,Southern Asia
87,110,Chania,Greece,52.54,8.25,31.68,46.14,49.68,93.7,1.35,33.48,209.24,24.18,2.98,0.51,3.91,0.84,1.56,1.67,93.87,7.81,1.39,Europe,Southern Europe
88,115,Chengdu,China,37.72,12.05,25.63,33.12,25.9,85.05,1.87,14.98,295.22,16.11,3.96,0.29,1.35,0.65,0.85,0.3,34.75,5.99,1.91,Asia,Eastern Asia
89,116,Chennai,India,25.77,6.98,16.92,27.37,15.58,83.75,0.63,14.91,173.4,18.5,1.3,0.22,0.82,0.41,1.72,0.22,38.75,1.79,2.33,Asia,Southern Asia
90,117,Chiang Mai,Thailand,41.05,12.38,27.55,49.58,19.81,33.57,1.34,28.88,311.4,17.3,1.68,0.26,1.46,0.41,1.48,0.58,47.05,4.33,2.29,Asia,South-Eastern Asia
91,119,Chisinau,Moldova,27.16,8.04,18.16,21.15,19.5,30.14,0.55,9.12,239.39,8.34,1.16,0.42,1.14,0.54,0.68,0.1,105.31,4.05,0.57,Europe,Eastern Europe
92,120,Christchurch,New Zealand,80.52,33.05,58.17,73.04,85.35,83.5,2.21,72.49,888.72,57.42,3.37,2.0,3.29,1.71,4.64,2.54,142.19,10.87,2.63,Oceania,Australia and New Zealand
93,123,Cluj-napoca,Romania,37.5,11.37,25.19,31.93,29.49,56.3,0.99,15.03,333.33,7.89,1.45,0.89,1.78,0.64,0.78,0.5,106.22,5.01,0.83,Europe,Southeast Europe
94,124,Coimbatore,India,23.09,5.43,14.77,23.32,16.35,47.37,0.65,4.47,134.2,17.82,1.67,0.24,0.82,0.39,1.78,0.22,38.49,1.79,2.22,Asia,Southern Asia
95,125,Coimbra,Portugal,47.34,14.06,31.67,36.82,38.26,75.13,0.64,39.06,418.48,29.01,1.27,0.96,1.69,0.34,1.09,1.79,96.72,6.7,1.36,Europe,Southern Europe
96,126,Cologne,Germany,70.37,28.13,50.48,51.58,69.61,115.68,0.79,100.55,717.31,25.36,2.95,1.96,1.93,0.37,1.02,3.12,314.11,8.93,2.22,Europe,Western Europe
97,127,Colombo,Sri Lanka,36.29,11.71,24.72,40.14,20.95,25.45,1.28,6.86,280.51,21.6,2.23,0.27,1.4,0.51,1.74,0.14,68.95,3.43,2.12,Asia,Southern Asia
98,131,Concepcion,Chile,43.02,11.65,28.25,37.39,27.45,84.62,1.04,44.53,349.49,32.65,1.46,0.82,2.35,1.29,1.23,0.7,105.93,5.2,1.04,Americas,South America
99,132,Constanta,Romania,38.77,8.29,24.42,32.03,31.44,43.28,0.98,15.62,229.27,8.58,1.56,0.83,1.81,0.65,0.77,0.38,143.78,5.01,1.04,Europe,Southeast Europe
100,133,Copenhagen,Denmark,89.01,46.18,68.84,68.8,108.82,115.35,0.96,59.96,1293.39,31.34,5.04,2.04,3.73,1.57,1.96,3.6,174.72,14.99,2.81,Europe,Northern Europe
101,134,Cordoba,Argentina,52.34,11.03,32.89,42.93,45.65,71.7,1.07,37.5,264.78,32.63,2.63,1.02,1.83,1.82,1.45,0.69,62.66,8.31,1.69,Americas,South America
102,135,Corfu,Greece,54.33,8.95,32.96,43.7,60.61,91.36,1.14,33.48,239.13,21.06,3.07,0.56,2.96,0.7,1.12,1.67,91.88,8.37,1.41,Europe,Southern Europe
103,136,Cork,Ireland,75.88,34.98,56.62,64.79,79.56,135.0,1.13,92.46,969.98,43.23,3.07,1.35,3.33,1.52,2.83,2.34,156.45,10.04,2.79,Europe,Northern Europe
104,138,Coventry,United Kingdom,66.0,30.74,49.4,52.67,69.83,110.98,0.92,65.53,884.67,27.17,3.04,0.74,2.38,0.92,1.77,2.62,234.24,10.49,2.24,Europe,Northern Europe
105,139,Craiova,Romania,31.53,5.9,19.46,25.18,23.59,57.37,0.85,15.03,196.25,8.49,1.36,0.72,1.51,0.55,0.75,0.5,89.81,5.01,0.77,Europe,Southeast Europe
106,140,Cuenca,Ecuador,46.4,12.24,30.31,48.78,27.16,39.79,1.05,15.0,352.92,46.45,1.84,0.51,1.78,1.12,1.11,0.25,37.98,5.0,3.23,Americas,South America
107,141,Cuneo,Italy,107.11,13.04,62.82,95.07,71.98,103.08,1.56,78.12,401.74,38.31,1.94,1.09,3.16,0.36,0.61,1.95,334.78,8.93,2.54,Europe,Southern Europe
108,142,Curitiba,Brazil,46.88,12.76,30.81,36.32,38.94,51.73,0.89,43.12,341.77,25.14,1.55,0.75,1.45,0.94,1.45,1.08,69.55,7.72,1.67,Americas,South America
109,145,Damascus,Syria,29.6,8.42,19.63,26.04,26.89,21.41,0.87,17.5,256.67,34.4,1.49,0.28,1.17,0.4,1.14,0.17,48.24,5.26,0.98,Asia,Western Asia
110,146,Dar Es Salaam,Tanzania,56.99,30.68,44.6,48.48,36.92,38.5,1.54,41.55,679.38,143.98,1.81,0.53,2.68,0.79,1.19,0.23,126.42,5.64,4.41,Africa,Eastern Africa
111,147,Darwin,Australia,88.44,45.92,68.42,91.04,92.33,121.99,1.09,37.62,1429.55,50.16,3.72,2.23,4.31,4.14,3.69,2.26,230.5,13.54,3.6,Oceania,Australia and New Zealand
112,148,Davao,Philippines,32.88,5.9,20.18,30.44,15.89,41.02,1.58,21.5,159.89,46.43,1.83,0.27,1.44,0.54,0.86,0.17,88.29,3.22,1.09,Asia,South-Eastern Asia
113,150,Debrecen,Hungary,41.66,9.82,26.66,34.79,30.25,43.72,0.77,23.44,326.56,12.17,1.13,0.58,1.71,0.41,0.78,1.08,166.65,4.49,1.14,Europe,Central Europe
114,151,Delhi,India,27.97,9.78,19.4,25.61,21.82,81.22,0.68,10.44,247.96,22.61,1.5,0.22,0.89,0.43,1.43,0.3,60.54,4.47,1.83,Asia,Southern Asia
115,152,Den Haag,Netherlands,76.09,30.48,54.61,59.41,80.46,127.64,1.13,83.7,864.86,27.09,2.93,1.98,2.37,1.0,1.56,3.91,149.77,12.28,2.23,Europe,Western Europe
116,154,Derby,United Kingdom,66.57,21.69,45.44,53.52,70.82,128.29,1.22,72.08,645.95,25.16,3.31,1.02,2.65,1.35,1.83,3.28,182.4,10.49,2.42,Europe,Northern Europe
117,158,Dnipropetrovsk,Ukraine,26.61,6.93,17.34,19.18,20.71,27.38,0.52,11.42,194.28,3.7,1.01,0.29,0.9,0.37,0.45,0.2,62.71,2.64,0.69,Europe,Eastern Europe
118,159,Doha,Qatar,66.92,70.42,68.57,53.54,72.68,129.92,1.7,38.45,1927.87,71.63,4.55,0.32,2.92,0.51,5.8,1.37,75.88,9.61,1.89,Asia,Western Asia
119,160,Dresden,Germany,60.77,20.0,41.57,45.74,51.84,138.31,0.67,65.84,517.96,28.51,2.82,1.91,1.29,0.21,0.84,2.57,238.27,9.49,2.22,Europe,Western Europe
120,161,Dubai,United Arab Emirates,69.01,76.08,72.34,56.8,64.55,122.84,1.5,68.07,2071.02,86.75,4.45,0.32,2.85,0.6,7.93,1.36,166.63,9.53,2.42,Asia,Western Asia
121,162,Dublin,Ireland,82.25,50.65,67.37,66.17,87.55,106.56,1.1,133.91,1396.25,46.26,3.17,1.42,2.95,1.44,2.68,3.01,177.65,12.0,2.18,Europe,Northern Europe
122,163,Dundee,United Kingdom,64.35,21.21,44.03,55.38,68.21,107.5,0.89,49.48,553.74,23.46,2.99,1.21,2.49,0.77,2.16,2.23,133.72,9.17,2.78,Europe,Northern Europe
123,164,Dunedin,New Zealand,76.83,24.25,52.07,70.38,76.8,118.49,2.17,43.49,681.4,58.35,3.14,1.53,2.77,0.99,2.17,2.17,133.52,9.06,2.8,Oceania,Australia and New Zealand
124,165,Durban,South Africa,36.79,13.9,26.01,28.94,35.21,106.07,0.84,29.33,316.85,42.04,1.33,0.45,1.5,0.92,0.97,0.93,78.03,4.83,1.15,Africa,Southern Africa
125,167,Dusseldorf,Germany,91.99,39.27,67.16,82.97,84.83,108.85,0.84,82.02,914.75,35.24,3.32,2.34,3.36,1.14,1.37,2.9,257.13,13.39,3.48,Europe,Western Europe
126,168,Edinburgh,United Kingdom,73.15,31.89,53.72,61.54,80.34,107.1,1.12,68.15,860.94,27.28,3.41,1.14,2.52,1.2,2.11,1.97,183.7,12.58,2.33,Europe,Northern Europe
127,169,Edmonton,Canada,73.06,30.22,52.89,70.74,70.87,116.49,1.7,68.29,899.68,47.56,3.09,1.3,2.6,1.95,1.87,2.44,169.83,10.67,2.93,Americas,North America
128,170,Eindhoven,Netherlands,70.22,31.41,51.94,53.39,80.14,120.08,0.98,61.38,972.47,28.2,2.65,2.01,2.25,1.02,0.92,3.35,188.48,12.28,2.19,Europe,Western Europe
129,171,Espoo,Finland,73.62,34.54,55.22,59.83,84.35,116.14,0.95,58.25,884.79,16.6,3.29,1.76,1.96,1.21,2.34,3.57,65.0,14.79,1.47,Europe,Northern Europe
130,173,Exeter,United Kingdom,70.16,29.44,50.99,57.4,76.53,84.94,1.02,64.22,786.38,25.21,3.25,1.15,3.11,2.03,1.6,3.28,150.72,10.49,2.4,Europe,Northern Europe
131,176,Ferrara,Italy,112.93,19.02,68.71,104.64,98.57,84.37,1.87,69.75,557.97,41.29,2.08,1.27,3.35,1.19,2.79,1.95,334.78,9.49,3.35,Europe,Southern Europe
132,177,Florence,Italy,73.74,28.51,52.44,60.99,77.62,72.14,1.45,39.06,743.31,25.39,1.45,1.12,2.77,0.5,1.12,1.34,172.23,8.93,2.05,Europe,Southern Europe
133,178,Florianopolis,Brazil,47.82,14.07,31.93,37.11,40.28,49.19,0.9,52.51,380.93,26.83,1.63,0.73,1.86,0.89,1.5,1.08,62.0,7.72,1.52,Americas,South America
134,181,Fort McMurray,Canada,85.6,60.99,74.01,90.67,72.95,165.1,2.4,34.97,1304.15,54.3,2.93,1.43,2.71,2.18,3.06,0.97,153.68,10.88,5.22,Americas,North America
135,184,Fortaleza,Brazil,44.54,10.21,28.37,35.8,29.39,43.52,0.94,48.65,277.98,25.7,1.56,0.56,1.74,0.75,1.14,0.85,47.72,7.1,1.98,Americas,South America
136,185,Frankfurt,Germany,76.25,33.35,56.05,63.88,70.41,131.95,0.88,95.97,891.64,26.99,3.14,1.84,2.65,0.66,1.16,3.07,250.46,12.28,2.33,Europe,Western Europe
137,186,Freiburg Im Breisgau,Germany,65.1,28.86,48.04,52.19,59.26,121.77,1.07,59.98,691.89,27.62,2.85,1.82,2.04,0.21,0.94,2.46,210.79,10.04,2.12,Europe,Western Europe
138,189,Gaborone,Botswana,37.58,12.04,25.55,31.88,30.51,58.17,1.15,7.16,306.72,83.65,1.77,0.49,2.0,0.89,1.02,0.33,61.0,4.65,1.61,Africa,Southern Africa
139,191,Galway,Ireland,72.5,30.74,52.84,58.31,76.61,135.52,0.96,79.23,887.18,43.71,2.79,1.27,2.57,1.23,3.35,2.23,151.85,10.43,2.01,Europe,Northern Europe
140,192,Gdansk,Poland,39.89,14.11,27.75,28.92,33.25,73.02,0.59,23.05,420.04,12.48,1.84,0.84,1.4,0.43,0.69,0.82,198.93,5.89,0.66,Europe,Central Europe
141,193,Gdynia,Poland,38.79,12.38,26.35,30.11,32.09,73.04,0.68,23.05,352.88,10.81,2.13,0.85,1.52,0.54,0.73,0.77,169.32,6.15,0.68,Europe,Central Europe
142,194,Geneva,Switzerland,133.14,76.32,106.39,125.78,134.71,145.3,1.63,71.26,1810.75,62.75,4.16,3.64,6.01,1.53,2.03,3.05,204.01,19.6,4.51,Europe,Western Europe
143,195,Genoa,Italy,75.35,21.5,49.99,67.4,77.26,79.48,1.53,51.33,608.99,31.25,1.43,0.93,2.86,0.58,1.23,1.67,170.84,8.93,1.67,Europe,Southern Europe
144,196,Gent,Belgium,81.51,26.18,55.46,74.51,86.46,95.19,0.87,42.41,763.49,37.5,2.93,2.21,2.78,1.23,1.37,2.68,136.79,12.28,2.51,Europe,Western Europe
145,197,Glasgow,United Kingdom,70.73,27.72,50.48,56.87,84.03,114.54,1.19,60.29,760.34,27.74,3.4,1.21,2.79,1.35,2.11,2.62,168.16,11.8,2.86,Europe,Northern Europe
146,198,Goa,India,25.44,7.8,17.13,24.28,20.63,63.66,0.65,7.46,149.11,20.04,1.01,0.23,0.78,0.42,0.91,0.3,25.56,3.13,2.0,Asia,Southern Asia
147,199,Gold Coast,Australia,74.66,37.66,57.24,69.54,70.4,130.71,0.95,82.76,1186.05,62.62,3.34,1.77,2.73,1.76,3.99,3.39,160.48,10.53,2.73,Oceania,Australia and New Zealand
148,200,Gothenburg,Sweden,75.79,27.38,53.0,68.95,80.16,122.41,1.28,69.86,811.39,25.0,3.96,2.14,3.15,1.37,1.8,3.05,64.55,14.09,2.74,Europe,Northern Europe
149,202,Grande Prairie,Canada,88.71,30.07,61.1,91.61,75.4,109.6,1.81,42.54,930.42,106.91,2.49,1.36,2.63,2.14,2.47,1.58,243.58,9.34,4.6,Americas,North America
150,203,Graz,Austria,63.95,21.68,44.05,50.22,62.74,130.65,1.09,51.0,545.8,23.34,3.07,1.34,2.63,0.83,1.02,2.46,282.61,11.16,1.93,Europe,Central Europe
151,206,Grenoble,France,80.8,23.62,53.87,78.88,73.09,119.61,1.01,57.36,670.96,33.62,2.51,2.07,3.22,1.12,1.45,1.67,149.79,12.28,2.39,Europe,Western Europe
152,207,Groningen,Netherlands,70.06,27.14,49.85,57.02,76.42,113.35,0.95,72.54,638.57,24.9,2.85,2.06,2.51,0.89,0.94,2.23,177.54,11.72,2.27,Europe,Western Europe
153,208,Guadalajara,Mexico,30.92,7.76,20.01,29.85,26.46,52.5,0.75,14.92,200.58,20.42,1.44,0.45,1.26,0.68,0.83,0.37,22.96,3.73,1.75,Americas,North America
154,209,Guangzhou,China,44.77,22.03,34.06,47.2,26.34,75.9,1.53,35.57,690.65,15.47,3.56,0.35,1.68,0.66,0.9,0.3,56.49,8.99,1.65,Asia,Eastern Asia
155,210,Guatemala City,Guatemala,43.98,14.56,30.12,39.39,37.1,52.41,1.51,13.23,403.26,55.03,2.25,0.62,1.75,1.01,1.12,0.17,66.29,5.76,2.13,Americas,Central America
156,211,Guayaquil,Ecuador,48.76,13.25,32.04,43.96,37.23,40.3,1.14,10.0,350.0,36.0,2.34,0.49,2.03,1.02,1.03,0.25,55.24,6.0,1.7,Americas,South America
157,212,Guelph,Canada,67.01,27.88,48.58,62.84,64.47,100.78,2.17,58.69,765.39,52.31,2.86,1.01,2.25,1.18,1.87,2.32,165.55,8.68,2.85,Americas,North America
158,213,Gurgaon,India,30.76,9.78,20.88,29.14,26.61,106.17,0.68,12.08,239.17,27.72,1.69,0.25,0.95,0.43,1.49,0.37,55.23,4.47,2.07,Asia,Southern Asia
159,214,Guwahati,India,23.44,3.81,14.2,25.98,13.61,51.97,0.72,4.47,89.47,16.55,1.14,0.17,0.89,0.4,1.39,0.15,39.52,3.36,1.91,Asia,Southern Asia
160,215,Haifa,Israel,74.22,21.13,49.22,59.53,82.73,103.11,1.55,64.4,601.73,20.59,2.79,1.43,3.17,1.01,2.31,1.58,177.25,10.16,2.0,Asia,Western Asia
161,216,Halifax,Canada,75.05,26.91,52.38,77.71,74.58,104.39,1.85,59.79,762.99,57.02,3.09,1.35,2.53,1.64,2.5,1.88,88.62,9.29,3.69,Americas,North America
162,217,Hamburg,Germany,75.3,32.55,55.17,61.96,65.02,125.7,0.8,91.51,866.53,24.97,3.03,2.08,2.71,0.56,1.05,3.46,282.33,12.28,2.45,Europe,Western Europe
163,218,Hamilton,Bermuda,133.26,112.14,123.32,121.17,138.91,129.67,2.27,68.0,2855.56,138.09,4.68,2.03,4.55,1.9,3.5,4.0,324.41,12.0,9.93,Americas,North America
164,219,Hamilton,Canada,59.9,23.14,42.59,54.54,59.37,151.38,1.36,71.31,683.0,45.03,3.07,1.28,2.2,1.64,1.56,2.07,123.7,9.21,1.79,Americas,North America
165,220,Hamilton,New Zealand,87.27,25.93,58.39,69.73,86.75,121.19,1.84,122.14,761.14,63.07,3.06,2.1,3.43,1.09,2.9,2.17,110.13,12.32,2.08,Oceania,Australia and New Zealand
166,221,Hanoi,Vietnam,40.74,17.51,29.8,37.21,21.41,24.3,1.45,7.85,436.22,12.04,1.65,0.31,1.41,0.57,0.68,0.31,63.34,4.49,2.57,Asia,South-Eastern Asia
167,222,Harare,Zimbabwe,52.52,15.68,35.17,41.76,43.33,28.42,1.37,30.0,381.37,102.57,2.26,0.39,1.87,1.32,1.16,0.5,109.37,5.5,1.95,Africa,Southern Africa
168,225,Heidelberg,Germany,73.04,30.9,53.2,61.24,67.09,151.7,0.73,74.88,746.29,31.25,2.97,2.07,2.25,0.79,0.93,2.68,248.2,10.04,2.1,Europe,Western Europe
169,226,Helsinki,Finland,79.71,38.41,60.26,66.84,90.98,118.11,1.05,56.91,1005.95,21.75,3.92,1.88,2.19,1.62,2.67,3.35,97.23,14.51,2.14,Europe,Northern Europe
170,227,Heraklion,Greece,55.99,9.16,33.94,47.38,52.76,86.21,1.39,53.01,254.44,19.39,3.49,0.5,3.67,0.38,1.16,1.34,118.64,7.81,1.66,Europe,Southern Europe
171,228,Ho Chi Minh City,Vietnam,42.5,19.28,31.57,44.07,19.83,28.25,1.46,5.83,541.96,13.54,1.76,0.26,1.22,0.51,0.7,0.27,57.11,4.49,2.94,Asia,South-Eastern Asia
172,229,Hobart,Australia,79.52,29.52,55.98,74.64,86.37,110.79,0.93,56.43,926.7,50.03,3.12,1.53,3.45,1.75,3.01,2.33,191.48,12.98,2.48,Oceania,Australia and New Zealand
173,230,Hong Kong,Hong Kong,77.69,82.04,79.74,78.36,54.34,91.98,2.76,58.01,2183.75,26.55,4.37,0.84,3.22,1.55,1.41,1.29,196.98,11.6,2.99,Asia,Eastern Asia
174,234,Hyderabad,India,23.48,5.85,15.18,24.37,14.33,85.16,0.65,11.18,143.83,11.9,1.33,0.21,0.81,0.43,1.21,0.24,23.99,2.24,1.95,Asia,Southern Asia
175,235,Iasi,Romania,34.76,9.75,22.98,27.69,28.27,50.39,0.95,22.55,299.31,8.34,1.34,0.77,1.68,0.58,0.79,0.5,93.22,5.01,0.83,Europe,Southeast Europe
176,237,Indore,India,23.74,4.12,14.5,22.9,16.29,46.74,0.63,5.96,108.19,14.54,1.07,0.19,0.89,0.43,1.81,0.28,26.93,2.98,1.67,Asia,Southern Asia
177,238,Irbil,Iraq,57.3,20.32,39.89,41.98,59.79,45.09,1.39,125.0,701.68,46.98,4.4,0.21,1.73,0.6,1.47,0.5,99.66,10.0,1.52,Asia,Western Asia
178,241,Istanbul,Turkey,49.65,17.18,34.36,42.28,36.92,58.15,0.87,57.42,540.73,19.26,2.47,0.31,1.99,0.52,2.04,0.78,97.96,6.08,1.22,Asia,Western Asia
179,242,Izmir,Turkey,44.18,9.95,28.06,37.8,32.75,61.39,0.9,35.47,329.33,18.01,2.26,0.27,1.86,0.39,1.91,0.81,92.01,5.4,0.89,Asia,Western Asia
180,245,Jaipur,India,24.81,4.2,15.11,24.46,14.66,81.83,0.64,7.83,98.79,21.17,1.32,0.22,0.91,0.32,1.39,0.3,44.14,3.73,1.52,Asia,Southern Asia
181,246,Jakarta,Indonesia,45.24,24.89,35.66,48.74,25.44,44.09,1.35,11.29,550.43,25.24,2.49,0.25,1.76,0.44,2.42,0.26,84.37,3.76,3.71,Asia,South-Eastern Asia
182,249,Jerusalem,Israel,76.77,30.54,55.0,61.57,82.99,95.44,1.48,64.92,865.64,20.73,3.15,1.7,3.38,1.29,2.87,1.73,171.46,10.56,2.3,Asia,Western Asia
183,250,Johannesburg,South Africa,41.15,17.29,29.92,33.2,39.22,116.89,0.92,37.68,408.12,57.27,1.49,0.63,1.72,1.02,1.28,1.04,73.44,4.83,1.42,Africa,Southern Africa
184,251,Johor Bahru,Malaysia,42.39,11.98,28.07,48.59,20.38,63.32,1.67,12.3,315.0,43.39,2.09,0.32,1.16,0.53,3.08,0.49,39.6,4.18,2.79,Asia,South-Eastern Asia
185,252,Jyvaskyla,Finland,71.9,23.35,49.04,59.88,76.64,130.39,1.04,66.96,641.67,15.62,3.06,1.18,1.82,1.22,2.69,3.35,94.87,13.39,1.29,Europe,Northern Europe
186,253,Kampala,Uganda,38.69,7.9,24.19,32.94,26.61,21.56,0.69,40.02,216.42,72.63,2.19,0.32,1.13,0.51,0.9,0.52,54.35,5.93,3.34,Africa,Eastern Africa
187,255,Kaohsiung,Taiwan,51.24,10.79,32.2,56.61,22.92,100.92,2.64,28.36,296.23,23.31,2.1,0.55,1.76,0.88,1.36,0.63,47.23,7.88,2.47,Asia,Eastern Asia
188,257,Karlsruhe,Germany,69.52,31.22,51.49,53.36,67.96,119.88,0.97,62.49,739.31,28.27,2.96,1.93,1.69,0.21,0.91,2.68,323.62,11.16,1.86,Europe,Western Europe
189,258,Kathmandu,Nepal,31.77,4.52,18.94,28.69,18.51,27.1,0.69,9.79,120.33,26.04,1.11,0.16,1.24,0.3,1.83,0.19,44.0,3.26,1.79,Asia,Southern Asia
190,259,Katowice,Poland,36.61,10.89,24.5,29.0,29.95,80.1,0.61,30.73,326.13,9.13,1.63,0.73,1.71,0.42,0.73,0.82,133.48,5.12,0.72,Europe,Central Europe
191,260,Kaunas,Lithuania,46.3,10.24,29.32,34.83,40.08,53.56,0.89,27.15,341.76,8.57,1.98,1.03,1.48,0.73,1.11,0.89,177.0,6.7,1.11,Europe,Northern Europe
192,261,Kazan,Russia,31.57,10.85,21.81,26.59,33.55,46.73,0.66,11.09,301.4,5.94,1.51,0.28,1.0,0.46,0.79,0.31,86.41,3.99,1.19,Europe,Eastern Europe
193,262,Kelowna,Canada,64.99,30.58,48.79,62.44,66.14,121.53,1.61,46.57,811.88,40.3,2.89,1.26,3.11,1.31,2.13,1.88,79.71,9.64,2.37,Americas,North America
194,263,Kharkiv,Ukraine,26.11,9.97,18.51,19.64,18.84,25.15,0.51,4.69,282.79,3.8,0.77,0.24,0.86,0.41,0.49,0.2,58.33,3.09,0.64,Europe,Eastern Europe
195,264,Kiev,Ukraine,28.61,13.17,21.34,21.46,23.53,31.96,0.6,9.19,403.6,3.66,0.86,0.32,1.03,0.45,0.53,0.17,55.7,3.16,0.71,Europe,Eastern Europe
196,265,Kigali,Rwanda,39.42,13.02,26.99,31.09,29.46,28.74,0.82,9.83,400.2,233.36,2.13,0.53,1.46,1.05,1.0,0.29,45.62,6.14,2.43,Africa,Eastern Africa
197,266,Kingston,Canada,66.85,27.83,48.48,65.65,65.24,110.89,1.58,55.35,736.75,44.7,2.69,1.31,2.3,1.59,1.81,2.1,145.52,8.98,2.68,Americas,North America
198,267,Kingston,Jamaica,63.66,16.55,41.48,60.81,38.32,36.87,2.23,66.82,395.98,28.33,2.1,0.63,2.36,1.02,2.16,0.94,106.12,9.43,6.55,Americas,Caribbean
199,268,Kitchener,Canada,61.97,25.18,44.64,55.13,65.77,144.9,1.62,61.32,670.91,41.78,2.61,1.12,2.28,1.55,2.46,2.31,123.56,9.24,2.13,Americas,North America
200,270,Kochi,India,22.82,5.09,14.47,24.31,12.76,82.94,0.6,3.73,122.68,19.79,1.08,0.22,0.92,0.4,1.26,0.15,28.96,2.24,1.98,Asia,Southern Asia
201,271,Kolkata,India,25.45,6.52,16.53,25.24,19.41,65.22,0.59,3.8,160.0,18.09,1.4,0.17,0.92,0.38,1.25,0.15,36.29,3.73,1.76,Asia,Southern Asia
202,272,Kosice,Slovakia,46.63,15.23,31.85,42.05,30.58,61.01,0.84,22.32,474.9,17.75,1.55,1.05,2.11,0.75,0.82,0.67,201.6,6.64,1.38,Europe,Central Europe
203,273,Kota Kinabalu,Malaysia,49.08,8.46,29.96,52.52,24.77,59.29,1.54,24.61,218.02,38.43,2.5,0.32,1.22,0.6,2.46,0.49,32.09,3.2,2.55,Asia,South-Eastern Asia
204,274,Krakow (Cracow),Poland,39.16,15.9,28.21,30.8,32.09,76.03,0.66,23.05,448.66,12.37,1.79,0.71,1.6,0.48,0.79,0.97,170.36,6.4,0.69,Europe,Central Europe
205,275,Kuala Lumpur,Malaysia,44.07,18.08,31.84,45.41,25.25,90.73,1.73,24.61,586.71,40.34,2.75,0.37,1.32,0.63,2.47,0.62,47.94,3.69,2.09,Asia,South-Eastern Asia
206,276,Kuching,Malaysia,45.0,7.68,27.43,48.13,19.07,38.98,1.44,17.23,196.06,30.81,1.77,0.25,1.04,0.62,2.05,0.49,47.44,3.08,2.71,Asia,South-Eastern Asia
207,278,Lagos,Nigeria,36.49,20.27,28.85,31.65,25.2,33.87,1.62,43.09,665.04,41.64,2.11,0.18,1.25,0.46,0.8,0.48,96.83,4.79,1.65,Africa,Western Africa
208,281,Lausanne,Switzerland,121.14,55.15,90.07,117.69,122.09,138.76,1.7,73.3,1339.29,61.51,4.22,2.92,4.93,1.03,1.8,3.56,231.83,18.32,3.64,Europe,Western Europe
209,282,Leeds,United Kingdom,66.66,26.81,47.9,56.89,72.55,114.75,1.2,72.74,826.21,26.25,3.4,1.15,2.5,1.12,1.63,3.15,145.44,11.14,2.14,Europe,Northern Europe
210,283,Leicester,United Kingdom,74.74,22.18,49.99,61.21,91.08,99.04,1.28,62.25,646.3,20.11,3.25,1.17,2.67,1.59,1.49,3.28,210.03,11.8,2.62,Europe,Northern Europe
211,284,Leiden,Netherlands,70.38,30.08,51.4,54.08,83.14,125.85,0.98,111.59,845.64,20.76,2.61,2.01,2.14,0.86,1.14,2.23,155.95,10.04,2.08,Europe,Western Europe
212,285,Leipzig,Germany,65.49,18.67,43.44,50.9,61.98,91.45,0.75,72.54,478.26,24.71,2.68,2.07,1.75,0.29,0.55,2.79,241.74,11.16,2.12,Europe,Western Europe
213,286,Leuven,Belgium,79.98,27.04,55.06,78.84,77.48,89.13,0.9,42.41,733.18,51.89,3.02,2.29,3.25,1.49,1.12,2.57,102.85,11.72,1.95,Europe,Western Europe
214,288,Lille,France,73.7,24.51,50.54,64.51,71.35,104.83,1.23,55.8,663.62,30.11,2.64,1.18,3.96,0.93,3.5,1.79,171.45,12.28,2.71,Europe,Western Europe
215,289,Lima,Peru,40.65,18.27,30.11,35.88,27.95,50.49,1.13,29.62,546.61,44.48,2.21,0.42,1.46,0.75,1.26,0.44,61.92,5.63,1.46,Americas,South America
216,290,Limassol,Cyprus,57.89,16.9,38.59,45.02,66.97,101.9,1.45,44.64,521.36,37.87,3.56,0.74,2.96,0.81,1.23,1.67,107.77,8.93,1.78,Europe,Southern Europe
217,291,Limerick,Ireland,88.14,22.25,57.11,83.24,77.72,104.15,1.14,88.1,585.87,40.45,3.03,1.32,2.61,1.45,2.48,2.23,156.85,10.04,3.91,Europe,Northern Europe
218,292,Linz,Austria,80.37,28.29,55.85,75.05,78.92,100.03,1.33,48.77,705.67,22.32,3.36,2.35,3.25,0.78,1.49,2.46,190.0,11.16,2.86,Europe,Central Europe
219,293,Lisbon,Portugal,51.65,21.87,37.62,41.09,45.85,68.2,0.66,40.17,639.38,26.31,1.42,0.99,1.88,0.69,0.96,1.67,96.44,6.7,1.66,Europe,Southern Europe
220,295,Liverpool,United Kingdom,70.45,24.19,48.67,61.05,69.31,106.67,1.18,65.53,739.54,26.96,2.97,1.08,2.47,1.27,1.67,2.88,209.19,10.49,2.15,Europe,Northern Europe
221,296,Livorno,Italy,85.48,27.72,58.28,78.76,90.21,84.92,1.39,34.04,781.16,42.96,1.53,1.23,3.35,0.75,1.79,1.34,196.68,12.28,2.15,Europe,Southern Europe
222,297,Ljubljana,Slovenia,57.08,18.04,38.7,46.87,48.35,79.95,0.95,41.29,491.95,31.24,1.56,1.58,2.21,0.86,1.13,1.34,216.29,6.75,1.62,Europe,Central Europe
223,298,Lodz,Poland,37.0,12.15,25.3,28.6,31.88,65.54,0.62,20.49,337.76,9.9,1.81,0.51,1.32,0.48,0.76,0.67,151.7,6.4,0.65,Europe,Central Europe
224,299,London,Canada,69.28,23.59,47.77,69.51,64.44,114.87,1.49,61.55,658.8,42.17,2.74,1.33,2.34,1.43,2.3,2.07,87.77,8.73,3.37,Americas,North America
225,300,London,United Kingdom,85.11,77.31,81.44,61.25,94.63,87.57,1.19,170.38,2204.64,32.13,3.42,1.24,2.84,1.21,2.08,3.28,197.05,15.73,2.48,Europe,Northern Europe
226,303,Luanda,Angola,136.66,160.95,148.1,123.9,104.49,24.93,2.54,80.0,2738.42,180.0,2.88,1.21,4.33,1.4,2.0,3.0,267.39,14.16,8.33,Africa,Middle Africa
227,304,Lublin,Poland,36.08,13.19,25.3,27.54,26.62,68.6,0.59,21.51,418.33,9.76,1.62,0.72,1.33,0.39,0.71,0.82,177.47,5.63,0.6,Europe,Central Europe
228,305,Lucknow (Lakhnau),India,26.25,4.95,16.22,26.66,15.74,58.91,0.68,8.95,102.72,21.81,0.86,0.18,0.89,0.36,1.4,0.28,51.86,2.98,1.74,Asia,Southern Asia
229,306,Ludhiana,India,27.02,4.32,16.33,24.93,20.43,65.71,0.71,7.38,89.47,29.49,1.69,0.25,0.88,0.41,1.67,0.15,67.1,2.61,1.61,Asia,Southern Asia
230,307,Lugano,Switzerland,118.99,50.22,86.61,111.31,127.67,141.45,1.46,61.08,1329.11,55.36,3.4,2.4,5.43,1.4,1.26,2.14,118.49,17.31,3.56,Europe,Western Europe
231,308,Lusaka,Zambia,52.59,30.84,42.35,38.43,33.48,125.86,1.49,23.23,503.36,104.87,2.17,0.4,1.48,0.68,1.23,0.52,139.82,6.29,1.86,Africa,Eastern Africa
232,309,Luxembourg,Luxembourg,80.99,51.47,67.09,61.68,100.81,148.47,1.26,27.9,1421.62,44.74,3.3,2.12,3.59,1.02,1.26,2.23,268.91,10.04,2.1,Europe,Western Europe
233,310,Lviv,Ukraine,24.48,8.66,17.03,19.63,15.41,24.75,0.6,4.2,262.37,3.03,0.75,0.29,0.99,0.4,0.44,0.16,53.1,3.7,0.65,Europe,Eastern Europe
234,311,Lyon,France,80.9,23.76,54.0,75.57,76.21,106.72,0.91,66.96,684.96,35.53,2.81,1.51,3.22,1.27,1.86,2.01,154.71,11.16,2.4,Europe,Western Europe
235,312,Maastricht,Netherlands,73.37,30.33,53.1,58.37,77.9,112.76,0.87,83.7,955.53,25.79,2.97,1.86,2.09,1.12,1.34,3.35,165.44,10.04,3.35,Europe,Western Europe
236,314,Madrid,Spain,61.48,28.83,46.11,48.78,63.21,89.26,0.94,60.93,827.69,37.57,1.92,1.35,1.84,0.77,0.95,1.67,156.24,10.04,1.89,Europe,Southern Europe
237,315,Madurai,India,21.45,4.34,13.39,21.23,12.18,75.68,0.56,11.18,108.85,16.7,0.86,0.16,0.78,0.39,1.34,0.22,19.38,2.24,1.94,Asia,Southern Asia
238,316,Makati,Philippines,48.43,32.65,41.0,44.59,29.54,41.75,1.81,10.75,736.29,65.66,2.84,0.41,1.58,0.86,0.94,0.32,140.49,5.37,3.07,Asia,South-Eastern Asia
239,317,Malaga,Spain,51.66,17.54,35.6,42.24,47.11,108.71,0.84,44.64,491.02,41.19,1.54,0.94,1.98,0.68,0.94,1.45,88.51,8.03,1.42,Europe,Southern Europe
240,318,Male,Maldives,60.28,32.02,46.97,58.34,43.27,31.83,1.76,29.58,747.78,96.09,2.33,0.37,1.38,0.49,7.23,0.38,140.0,6.57,3.02,Asia,Southern Asia
241,319,Malmo,Sweden,72.16,27.69,51.22,68.19,73.3,129.25,1.22,58.58,813.7,33.44,3.99,2.16,3.27,1.63,1.86,2.58,60.84,13.79,2.58,Europe,Northern Europe
242,320,Manama,Bahrain,53.9,33.35,44.22,48.46,53.36,109.42,1.44,33.16,932.29,44.34,4.6,0.27,2.34,0.61,2.18,0.66,74.61,7.96,2.16,Asia,Western Asia
243,321,Manchester,United Kingdom,69.41,30.39,51.04,55.72,76.98,110.15,1.05,65.53,929.11,26.59,3.31,1.12,2.21,1.27,1.51,3.67,191.67,11.14,2.37,Europe,Northern Europe
244,322,Mangalore,India,21.88,5.15,14.0,21.21,12.71,114.63,0.51,4.1,132.55,26.84,1.13,0.19,0.72,0.39,1.49,0.15,20.34,2.24,1.79,Asia,Southern Asia
245,323,Manila,Philippines,41.96,15.95,29.71,38.5,26.07,46.8,1.61,10.75,488.08,62.52,2.39,0.39,1.51,0.73,0.92,0.43,91.27,5.37,2.53,Asia,South-Eastern Asia
246,324,Mannheim,Germany,68.69,20.37,45.94,49.25,70.9,174.8,0.76,75.33,544.58,24.55,3.05,2.19,2.03,0.35,0.96,2.79,265.21,13.39,1.9,Europe,Western Europe
247,325,Maputo,Mozambique,30.67,15.02,23.3,22.47,32.34,41.74,0.82,0.58,398.51,57.74,1.13,0.39,1.28,0.84,0.68,0.14,35.49,4.1,1.09,Africa,Eastern Africa
248,326,Maribor,Slovenia,48.91,10.62,30.88,40.48,38.32,88.37,0.84,29.56,297.12,32.14,1.53,1.1,2.24,0.54,1.2,1.23,197.8,6.03,1.28,Europe,Central Europe
249,327,Marseille,France,65.07,22.26,44.91,57.97,68.76,111.98,1.15,41.4,592.85,28.44,2.23,1.22,3.32,0.67,1.84,1.67,88.45,10.32,2.47,Europe,Western Europe
250,328,Medellin,Colombia,32.14,7.92,20.74,28.48,22.24,42.71,0.71,20.49,197.11,25.82,1.13,0.6,1.31,0.98,0.77,0.65,55.65,3.41,1.95,Americas,South America
251,329,Melbourne,Australia,78.04,44.15,62.08,72.32,74.05,142.32,0.97,102.69,1252.26,52.44,2.93,2.05,3.74,1.8,3.76,2.86,126.22,15.05,2.82,Oceania,Australia and New Zealand
252,332,Merida,Mexico,33.13,8.07,21.33,31.42,26.42,41.07,0.81,22.59,202.93,22.14,1.93,0.49,1.38,0.65,1.01,0.37,76.28,3.73,1.54,Americas,North America
253,333,Mexico City,Mexico,37.2,17.69,28.02,33.82,33.78,59.81,0.85,15.98,473.69,22.45,1.94,0.5,1.41,0.74,1.07,0.27,35.73,4.0,1.9,Americas,North America
254,335,Milan,Italy,76.2,39.25,58.8,65.34,85.11,86.71,1.38,39.06,1018.72,30.91,1.6,1.28,2.9,0.47,1.35,1.67,134.78,9.49,1.95,Europe,Southern Europe
255,336,Milton Keynes,United Kingdom,74.22,38.87,57.57,65.5,73.56,98.35,1.15,62.91,1145.34,26.93,3.83,1.03,3.57,1.14,1.35,3.01,222.13,13.11,1.75,Europe,Northern Europe
256,339,Minsk,Belarus,33.93,13.09,24.12,27.39,37.85,39.74,0.6,14.5,405.3,9.73,1.43,0.42,1.1,0.57,0.87,0.25,42.21,3.53,0.97,Europe,Eastern Europe
257,340,Mississauga,Canada,72.19,34.73,54.55,67.78,64.47,100.19,1.52,97.43,1029.77,39.28,2.84,0.87,2.56,1.59,1.92,2.62,181.53,9.3,2.55,Americas,North America
258,342,Modena,Italy,71.67,18.72,46.74,63.5,73.13,78.6,1.17,35.15,516.13,22.32,1.41,0.73,2.08,0.47,1.6,1.34,221.04,8.93,1.9,Europe,Southern Europe
259,343,Moncton,Canada,63.78,18.84,42.62,62.8,62.73,115.26,1.52,47.49,529.29,38.1,2.47,1.22,2.44,1.13,2.02,1.73,125.18,9.33,2.82,Americas,North America
260,344,Monterrey,Mexico,35.9,12.61,24.93,33.47,32.04,117.66,0.85,23.98,298.01,22.57,1.94,0.5,1.52,0.77,0.98,0.64,47.18,3.73,2.06,Americas,North America
261,345,Montevideo,Uruguay,63.19,18.33,42.07,51.34,57.05,40.27,0.92,45.27,503.58,27.08,2.67,1.02,2.59,1.23,1.83,0.98,135.19,8.36,2.0,Americas,South America
262,346,Montpellier,France,76.06,23.77,51.44,72.05,65.07,86.73,0.89,50.22,668.33,29.17,2.85,1.51,2.9,1.0,2.42,1.67,150.2,8.93,2.98,Europe,Western Europe
263,347,Montreal,Canada,67.01,24.8,47.13,67.36,64.86,118.69,1.58,62.31,708.45,41.16,2.66,1.04,2.52,1.52,1.77,2.46,74.97,9.24,3.1,Americas,North America
264,348,Moscow,Russia,41.12,27.14,34.54,31.01,48.63,60.83,0.89,24.73,804.6,5.38,2.35,0.55,1.14,0.7,0.9,0.7,100.5,6.05,1.29,Europe,Eastern Europe
265,349,Mumbai,India,28.82,20.86,25.07,29.16,21.56,69.56,0.73,7.46,518.73,18.18,1.61,0.2,0.9,0.44,1.58,0.22,42.03,4.47,2.22,Asia,Southern Asia
266,350,Munich,Germany,74.49,40.83,58.64,59.13,74.58,134.46,0.88,71.42,1106.32,26.21,3.07,2.24,1.98,0.69,1.0,3.01,267.85,11.72,2.43,Europe,Western Europe
267,351,Muscat,Oman,51.63,31.43,42.12,46.52,57.25,137.14,1.63,25.98,831.71,60.88,4.36,0.26,2.52,0.57,3.07,0.78,58.04,9.09,2.28,Asia,Western Asia
268,352,Mysore,India,25.37,4.43,15.51,30.65,11.84,39.28,0.47,9.32,84.62,17.52,1.54,0.21,0.73,0.42,1.04,0.25,15.04,2.98,2.18,Asia,Southern Asia
269,353,Nagpur,India,23.09,4.22,14.2,24.32,16.84,69.95,0.6,4.47,106.87,19.68,1.05,0.2,0.87,0.39,1.55,0.22,19.51,2.83,1.37,Asia,Southern Asia
270,354,Nairobi,Kenya,42.39,16.82,30.35,37.45,33.59,29.12,0.94,29.61,383.18,43.65,2.35,0.48,1.53,0.78,1.82,0.69,45.66,5.92,2.88,Africa,Eastern Africa
271,355,Nantes,France,68.39,21.37,46.25,57.62,72.59,131.19,0.95,70.3,554.25,28.02,2.54,1.43,2.57,0.64,1.67,1.79,129.72,9.21,1.95,Europe,Western Europe
272,356,Naples,Italy,67.86,22.27,46.39,63.45,62.34,50.74,1.55,44.64,638.32,24.83,1.49,0.98,2.79,0.42,1.31,1.28,142.7,8.93,1.74,Europe,Southern Europe
273,358,Nasik,India,24.2,5.68,15.48,24.58,15.92,66.11,0.7,4.1,145.39,14.41,0.98,0.25,0.81,0.39,1.32,0.18,25.85,2.98,2.15,Asia,Southern Asia
274,359,Nassau,Bahamas,99.74,38.38,70.84,92.09,96.24,43.77,2.49,30.0,950.17,36.0,4.83,1.36,3.67,1.97,2.75,1.5,291.4,10.0,5.0,Americas,Caribbean
275,360,Navi Mumbai,India,25.7,9.39,18.02,25.27,20.83,92.33,0.62,4.47,242.31,18.97,1.4,0.2,0.88,0.47,1.45,0.3,31.02,3.73,1.98,Asia,Southern Asia
276,365,Newcastle Upon Tyne,United Kingdom,67.1,26.01,47.76,52.29,76.27,118.25,1.05,70.77,782.74,28.29,3.48,0.9,2.24,1.27,1.56,3.28,179.37,11.14,2.12,Europe,Northern Europe
277,366,Newcastle,Australia,76.56,42.79,60.66,76.51,79.19,141.59,1.13,30.1,1237.94,55.39,3.24,1.92,3.39,2.78,5.02,2.86,138.8,7.52,3.38,Oceania,Australia and New Zealand
278,367,Nice,France,76.92,29.46,54.57,62.82,89.45,108.31,1.0,35.71,824.51,31.64,3.22,2.11,2.5,0.75,1.67,1.67,181.19,11.16,2.59,Europe,Western Europe
279,368,Nicosia,Cyprus,63.86,15.61,41.14,54.78,69.9,84.54,1.53,44.64,464.05,34.71,3.78,1.03,3.1,0.75,0.97,1.67,148.13,8.93,2.59,Europe,Southern Europe
280,369,Nis,Serbia,30.12,5.1,18.34,22.44,24.51,42.68,0.76,17.35,170.98,14.47,1.04,0.5,1.17,0.4,0.49,0.54,143.93,2.79,0.62,Europe,Southeast Europe
281,370,Noida,India,27.14,6.67,17.5,27.25,19.74,100.67,0.59,7.46,170.33,22.74,1.28,0.19,0.89,0.37,1.53,0.3,44.2,3.73,2.26,Asia,Southern Asia
282,372,Northampton,United Kingdom,67.16,26.85,48.18,59.6,74.13,110.82,1.2,65.53,744.44,22.08,3.65,1.55,2.1,1.08,1.44,2.95,168.42,12.19,2.62,Europe,Northern Europe
283,373,Norwich,United Kingdom,73.42,26.57,51.36,56.0,81.17,100.54,1.29,81.26,771.3,25.62,3.21,1.08,2.61,0.94,2.01,3.54,170.22,11.8,2.24,Europe,Northern Europe
284,374,Nottingham,United Kingdom,66.88,24.43,46.89,60.24,64.43,134.58,1.22,65.53,688.08,25.3,3.34,0.95,2.36,1.28,1.75,2.62,138.21,10.98,2.7,Europe,Northern Europe
285,375,Novi Sad,Serbia,34.67,6.33,21.33,25.67,28.26,49.15,0.8,18.14,203.46,13.3,1.11,0.67,1.32,0.44,0.58,0.5,150.85,3.17,0.75,Europe,Southeast Europe
286,376,Novosibirsk,Russia,30.78,10.11,21.05,27.39,27.76,52.39,0.8,7.42,312.72,5.62,2.05,0.36,0.98,0.39,0.81,0.31,77.34,4.63,1.5,Europe,Eastern Europe
287,377,Nuremberg,Germany,66.71,23.07,46.16,50.43,69.84,151.41,0.85,78.12,608.19,23.57,2.96,2.02,1.93,0.34,1.01,3.35,214.01,13.39,2.37,Europe,Western Europe
288,379,Odense,Denmark,81.68,20.66,52.95,62.39,101.25,145.62,0.97,55.61,539.63,20.84,5.22,1.91,3.6,1.01,0.72,3.45,213.87,13.49,2.25,Europe,Northern Europe
289,380,Odesa,Ukraine,28.43,8.39,18.99,19.73,28.55,36.44,0.56,11.96,242.9,3.15,0.98,0.37,0.9,0.49,0.52,0.2,49.52,3.86,0.78,Europe,Eastern Europe
290,382,Olomouc,Czech Republic,39.15,11.09,25.93,35.38,27.61,85.08,0.67,14.45,342.17,16.52,1.56,0.92,1.29,0.49,0.54,0.58,141.23,5.37,0.88,Europe,Central Europe
291,383,Oradea,Romania,35.67,6.15,21.77,29.4,24.03,47.22,0.8,17.54,171.2,7.17,1.45,0.68,1.57,0.56,0.66,0.63,139.3,3.88,0.75,Europe,Southeast Europe
292,385,Osaka,Japan,78.5,23.56,52.63,81.27,42.93,105.08,1.68,64.65,671.88,36.67,3.09,0.91,1.99,1.08,2.27,1.69,176.17,14.87,3.6,Asia,Eastern Asia
293,386,Oshawa,Canada,77.63,28.28,54.39,82.06,65.3,81.32,2.45,75.38,678.16,52.95,2.74,1.24,2.26,1.81,2.68,2.47,192.18,9.25,3.13,Americas,North America
294,387,Osijek,Croatia,45.57,7.0,27.41,37.77,30.61,59.82,0.73,41.05,208.36,22.6,1.22,1.15,1.95,0.92,0.98,1.64,178.83,4.48,1.06,Europe,Southeast Europe
295,388,Oslo,Norway,102.27,45.92,75.74,88.48,120.76,113.31,1.98,81.71,1353.65,39.56,4.46,3.06,3.8,2.41,3.3,3.85,198.72,14.42,2.55,Europe,Northern Europe
296,389,Ostrava,Czech Republic,40.5,11.0,26.61,34.94,28.5,78.01,0.64,20.44,323.49,12.66,1.64,0.76,1.45,0.58,0.63,0.83,146.05,6.59,1.06,Europe,Central Europe
297,390,Ottawa,Canada,67.78,30.36,50.16,62.92,72.53,126.53,1.64,78.72,887.0,42.49,2.95,1.2,2.49,1.67,1.77,2.68,109.15,9.21,2.93,Americas,North America
298,391,Oulu,Finland,73.18,22.85,49.48,60.02,82.99,127.92,1.14,58.59,645.65,13.01,3.96,1.87,1.63,1.87,2.79,3.68,93.72,13.39,1.41,Europe,Northern Europe
299,392,Oxford,United Kingdom,74.14,52.2,63.81,61.12,78.25,101.95,1.17,67.82,1417.86,29.83,3.53,1.4,2.8,1.22,1.66,2.75,158.6,13.11,2.83,Europe,Northern Europe
300,393,Padova,Italy,72.54,22.24,48.86,59.31,74.26,73.55,1.31,43.52,637.68,34.82,1.56,1.43,3.64,0.52,1.71,1.45,196.41,9.54,1.95,Europe,Southern Europe
301,394,Palermo,Italy,65.23,15.41,41.77,59.1,60.06,66.33,0.98,33.48,418.48,29.71,1.45,1.38,2.6,0.58,1.41,1.56,131.88,8.93,1.93,Europe,Southern Europe
302,395,Palma De Mallorca,Spain,59.44,20.26,40.99,48.62,57.3,90.69,0.82,26.78,619.96,35.57,2.08,1.48,1.64,0.49,0.72,1.67,145.99,8.37,1.55,Europe,Southern Europe
303,396,Panama City,Panama,60.57,37.97,49.93,59.96,59.04,39.95,1.51,24.25,1211.9,40.58,2.73,1.17,2.05,1.66,0.77,0.25,89.1,6.0,3.73,Americas,Central America
304,397,Paphos,Cyprus,62.58,11.6,38.57,47.7,67.38,75.75,1.51,61.38,319.44,44.73,2.92,1.34,2.38,0.89,1.17,1.67,120.92,8.93,1.45,Europe,Southern Europe
305,398,Paris,France,84.34,45.94,66.26,78.45,83.85,100.24,1.3,78.12,1200.7,30.77,3.94,2.43,3.61,0.86,1.99,2.01,198.32,11.16,2.85,Europe,Western Europe
306,399,Parma,Italy,72.7,24.11,49.82,59.17,84.74,88.43,1.37,66.96,599.82,29.14,1.61,1.12,2.9,0.45,1.39,1.34,135.32,8.93,2.38,Europe,Southern Europe
307,400,Patras,Greece,51.47,9.37,31.64,38.95,55.92,81.62,1.36,33.48,254.28,20.89,3.01,0.56,2.61,0.77,0.84,1.34,107.64,7.81,1.52,Europe,Southern Europe
308,401,Pattaya,Thailand,44.03,16.9,31.26,48.06,25.41,26.63,1.52,13.0,477.05,17.92,1.77,0.28,1.51,0.42,1.4,0.29,63.33,4.62,2.64,Asia,South-Eastern Asia
309,402,Penang,Malaysia,45.86,9.53,28.75,50.78,23.44,77.63,1.71,19.69,250.71,40.29,2.38,0.29,1.3,0.56,2.12,0.49,39.94,3.69,2.76,Asia,South-Eastern Asia
310,404,Perth,Australia,86.87,42.75,66.09,80.75,93.7,132.36,1.16,90.29,1349.32,54.73,3.4,1.97,3.73,2.23,4.45,3.01,153.88,13.92,3.17,Oceania,Australia and New Zealand
311,405,Perugia,Italy,107.95,19.09,66.11,93.23,99.18,72.88,1.64,72.54,483.58,36.6,1.79,1.06,3.21,1.26,2.82,2.01,301.31,13.39,3.16,Europe,Southern Europe
312,407,Phnom Penh,Cambodia,49.38,21.65,36.32,52.83,22.51,21.55,2.42,29.85,581.19,33.33,2.17,0.35,1.51,0.8,1.32,1.5,82.18,4.0,3.72,Asia,South-Eastern Asia
313,409,Phuket,Thailand,48.57,14.09,32.33,52.91,25.38,47.61,1.46,51.99,393.54,18.2,2.34,0.4,1.51,0.46,1.43,0.87,63.02,5.2,3.12,Asia,South-Eastern Asia
314,410,Pisa,Italy,74.09,23.82,50.42,64.27,83.15,56.04,1.22,27.01,650.44,26.09,1.41,1.17,3.26,0.47,1.69,1.34,226.7,7.81,2.3,Europe,Southern Europe
315,413,Playa del Carmen,Mexico,34.14,13.14,24.25,31.77,27.04,48.67,0.76,21.23,396.27,23.7,1.82,0.41,1.31,0.63,0.64,0.32,80.99,2.66,1.76,Americas,North America
316,414,Plovdiv,Bulgaria,36.18,7.42,22.64,30.48,29.79,48.3,1.11,17.15,228.34,8.89,1.19,0.63,1.45,0.49,0.67,0.57,100.96,5.69,0.97,Europe,Southeast Europe
317,415,Plymouth,United Kingdom,65.83,24.38,46.32,53.53,72.42,133.0,1.1,72.08,694.63,21.26,3.39,1.15,2.72,1.16,0.9,3.28,185.96,11.8,2.6,Europe,Northern Europe
318,416,Podgorica,Montenegro,40.22,12.56,27.2,30.82,36.28,52.54,0.82,27.9,379.42,24.44,1.31,0.78,1.38,0.64,1.04,0.78,123.58,4.46,0.74,Europe,Southeast Europe
319,417,Port Elizabeth,South Africa,38.69,12.09,26.17,34.19,32.94,79.84,0.94,13.8,267.44,52.14,1.41,0.58,1.62,0.94,1.15,0.62,58.63,4.49,1.47,Africa,Southern Africa
320,420,Porto Alegre,Brazil,49.84,13.36,32.66,38.76,41.31,51.62,0.8,51.73,323.2,28.72,1.82,0.85,1.4,0.86,1.35,1.08,83.57,6.8,1.81,Americas,South America
321,421,Porto,Portugal,49.26,16.26,33.72,38.58,40.05,72.67,0.63,35.71,452.53,26.78,1.03,0.9,1.85,0.41,0.99,1.51,104.67,6.7,1.45,Europe,Southern Europe
322,422,Portsmouth,United Kingdom,71.27,31.47,52.53,56.3,68.27,101.97,1.14,56.36,870.84,29.99,3.23,0.84,2.1,1.17,2.62,3.54,234.08,11.73,2.62,Europe,Northern Europe
323,423,Poznan,Poland,39.11,13.39,27.0,32.09,33.42,69.07,0.59,26.89,376.77,11.34,1.98,0.81,1.51,0.52,0.77,0.92,128.94,6.15,0.76,Europe,Central Europe
324,424,Prague,Czech Republic,43.85,19.47,32.37,36.83,32.96,83.04,0.77,22.71,582.15,17.37,1.86,0.87,1.52,0.56,0.66,0.99,158.12,7.02,1.21,Europe,Central Europe
325,425,Pretoria,South Africa,39.47,13.31,27.15,31.66,35.0,126.19,0.86,41.41,291.97,59.68,1.52,0.62,1.56,0.97,1.18,1.38,66.73,4.83,1.39,Africa,Southern Africa
326,427,Puerto Vallarta,Mexico,33.24,10.96,22.74,30.52,29.72,211.17,0.76,20.66,314.01,26.15,1.79,0.5,1.23,0.85,1.05,0.4,46.62,2.66,1.51,Americas,North America
327,428,Pula,Croatia,52.33,9.22,32.03,44.04,43.26,56.89,0.75,34.33,253.77,26.57,1.44,1.01,2.33,0.8,1.0,1.64,198.87,4.48,1.44,Europe,Southeast Europe
328,429,Pune,India,25.58,7.44,17.04,26.15,17.7,116.27,0.68,14.91,203.42,21.27,1.4,0.23,0.91,0.42,1.68,0.3,22.5,3.73,2.06,Asia,Southern Asia
329,430,Quebec City,Canada,68.16,19.34,45.17,68.12,61.18,108.46,1.56,64.54,573.66,41.08,2.92,0.97,2.46,1.49,1.87,2.46,111.58,9.28,3.26,Americas,North America
330,432,Queretaro,Mexico,34.81,9.74,23.01,33.68,26.73,84.13,0.82,21.31,247.37,18.58,1.83,0.61,1.36,0.68,0.89,0.45,43.83,3.2,2.26,Americas,North America
331,433,Quezon City,Philippines,35.97,8.25,22.92,32.2,20.94,44.25,1.51,13.97,256.9,67.36,2.25,0.33,1.44,0.61,0.75,0.21,88.61,4.73,3.83,Asia,South-Eastern Asia
332,434,Quito,Ecuador,46.2,15.38,31.69,43.43,34.86,39.61,1.13,10.0,467.39,36.23,2.37,0.67,2.14,1.14,1.31,0.25,32.34,5.8,1.31,Americas,South America
333,435,Rabat,Morocco,39.42,12.41,26.7,33.71,26.2,41.95,0.75,20.5,336.02,25.51,1.67,0.39,1.37,0.65,2.56,0.62,45.19,5.13,1.54,Africa,Northern Africa
334,437,Ramat Gan,Israel,81.18,30.86,57.49,67.72,87.36,91.46,1.52,62.02,844.53,25.34,3.1,1.72,3.31,1.36,2.3,1.82,178.82,10.29,2.61,Asia,Western Asia
335,438,Reading,United Kingdom,71.67,40.28,56.89,53.81,82.06,103.0,1.02,77.33,1200.04,24.12,3.13,1.2,1.85,0.63,2.16,2.49,212.76,12.44,2.45,Europe,Northern Europe
336,439,Recife,Brazil,50.25,13.65,33.02,42.1,34.71,41.76,1.02,45.4,377.5,26.45,1.78,0.73,1.82,1.05,1.23,0.86,79.15,6.8,2.42,Americas,South America
337,440,Red Deer,Canada,74.37,27.38,52.24,69.18,71.19,99.54,2.01,49.48,748.38,51.9,3.46,1.39,2.53,2.12,1.54,1.9,173.48,11.31,3.44,Americas,North America
338,441,Regina,Canada,72.51,29.22,52.13,71.65,71.08,127.65,1.41,60.8,805.77,37.53,3.22,1.44,2.39,2.72,1.94,2.24,141.05,9.05,3.44,Americas,North America
339,442,Rennes,France,74.7,20.34,49.1,71.57,68.89,129.21,1.03,44.64,530.07,29.71,2.25,1.44,2.63,0.71,1.67,1.67,155.95,8.93,2.58,Europe,Western Europe
340,444,Reykjavik,Iceland,104.95,47.4,77.85,97.16,111.95,84.48,1.31,93.2,1412.93,61.29,4.52,1.95,5.35,2.17,2.97,3.42,105.43,11.54,2.75,Europe,Northern Europe
341,445,Riga,Latvia,49.57,13.26,32.47,36.19,45.09,56.92,0.87,55.8,393.6,12.92,2.35,0.73,1.52,0.76,1.15,1.28,196.94,6.7,1.23,Europe,Northern Europe
342,446,Rijeka,Croatia,52.19,11.61,33.08,42.58,41.16,54.98,0.81,41.8,332.88,24.69,1.26,1.27,2.16,0.77,1.0,1.49,206.42,5.22,1.33,Europe,Southeast Europe
343,447,Rio De Janeiro,Brazil,56.26,23.99,41.06,39.84,50.61,46.38,1.09,49.42,661.67,25.82,1.85,0.96,1.62,0.76,1.41,1.17,120.4,8.65,2.16,Americas,South America
344,451,Rome,Italy,71.79,38.7,56.21,60.38,77.0,82.5,1.51,39.06,1086.19,30.86,1.23,0.98,3.08,0.69,1.34,1.67,164.67,8.93,1.9,Europe,Southern Europe
345,452,Rotterdam,Netherlands,72.96,27.8,51.7,56.02,86.76,118.51,1.07,55.8,905.31,29.29,2.89,2.18,2.07,1.03,1.02,3.01,154.66,11.44,2.14,Europe,Western Europe
346,457,Saint Petersburg,Russia,38.06,17.41,28.34,30.16,40.38,53.91,0.85,33.82,490.81,5.64,2.09,0.49,1.12,0.61,0.84,0.46,89.62,4.65,1.47,Europe,Eastern Europe
347,464,San Jose,Costa Rica,60.32,20.83,41.72,59.38,49.18,45.17,1.39,50.88,616.89,41.72,2.33,1.29,3.31,2.14,1.56,0.73,58.42,6.18,4.89,Americas,Central America
348,465,San Juan,Puerto Rico,67.31,25.49,47.62,61.73,66.63,89.14,1.73,37.5,781.48,51.0,2.49,1.2,3.15,1.58,1.7,1.5,182.14,7.5,3.35,Americas,Caribbean
349,466,San Salvador,El Salvador,45.03,9.83,28.46,40.92,32.44,32.31,1.54,27.5,266.67,41.38,2.72,0.44,1.86,1.05,1.12,0.25,76.25,4.7,1.38,Americas,Central America
350,469,Santiago,Chile,50.38,17.89,35.08,43.6,46.17,62.71,1.13,46.76,447.49,36.25,2.44,0.95,2.51,1.17,1.21,1.04,106.04,7.27,1.36,Americas,South America
351,470,Santo Domingo,Dominican Republic,53.15,15.26,35.31,46.26,42.04,24.4,1.29,17.32,426.99,49.58,1.85,0.53,1.94,1.35,1.85,0.54,67.03,6.49,2.82,Americas,Caribbean
352,471,Sao Paulo,Brazil,54.19,21.85,38.96,41.02,48.29,43.82,0.97,44.48,619.9,23.44,1.72,0.8,1.93,0.84,1.45,1.17,70.93,9.27,2.11,Americas,South America
353,472,Sarajevo,Bosnia And Herzegovina,36.81,8.33,23.4,29.92,28.7,53.74,0.8,29.66,241.71,13.68,1.27,0.73,1.45,0.62,0.73,0.97,143.24,3.99,1.01,Europe,Southeast Europe
354,473,Saskatoon,Canada,73.8,27.64,52.06,77.0,60.95,100.21,1.04,61.26,821.44,44.96,2.92,1.51,2.62,1.72,1.63,2.31,120.44,10.43,3.1,Americas,North America
355,476,Selangor,Malaysia,43.91,11.88,28.83,49.84,19.28,102.6,1.8,24.61,311.72,41.59,2.14,0.28,1.33,0.59,1.58,0.49,39.21,3.45,2.58,Asia,South-Eastern Asia
356,477,Seoul,South Korea,83.2,48.58,66.9,97.12,47.99,93.33,2.34,49.25,1012.96,23.36,4.13,0.75,2.99,1.08,1.96,1.12,178.83,8.95,7.03,Asia,Eastern Asia
357,478,Sevilla,Spain,51.96,19.57,36.71,42.31,48.98,91.42,0.76,39.06,585.87,38.45,1.55,0.9,1.82,0.69,0.84,1.56,119.95,7.81,1.53,Europe,Southern Europe
358,479,Shanghai,China,54.31,36.25,45.8,57.81,39.65,81.8,2.49,29.95,987.01,18.72,4.25,0.33,2.13,0.56,0.93,0.6,55.38,11.98,1.83,Asia,Eastern Asia
359,481,Sheffield,United Kingdom,65.91,24.07,46.21,56.97,77.18,107.15,1.12,62.91,711.91,24.04,3.23,1.08,2.17,1.07,1.75,2.49,124.02,11.07,2.14,Europe,Northern Europe
360,482,Shenzhen,China,53.18,34.51,44.39,57.64,36.31,85.2,2.42,37.44,925.12,23.2,4.31,0.31,2.49,0.45,0.83,0.3,93.26,10.48,2.57,Asia,Eastern Asia
361,484,Sibiu,Romania,36.53,8.09,23.14,29.26,29.35,46.94,0.89,12.53,240.54,8.86,1.4,0.67,1.5,0.62,0.72,0.38,105.5,6.26,0.8,Europe,Southeast Europe
362,485,Singapore,Singapore,86.11,76.65,81.66,75.58,60.69,101.51,2.21,73.38,2218.04,31.25,4.01,0.91,2.04,1.21,4.04,1.32,120.88,8.81,3.15,Asia,South-Eastern Asia
363,488,Sliema,Malta,68.43,28.99,49.86,58.42,81.58,75.11,0.98,29.01,773.72,25.11,2.01,1.19,2.07,0.73,1.28,2.23,80.88,8.37,2.46,Europe,Southern Europe
364,489,Sofia,Bulgaria,38.7,10.94,25.63,32.08,31.21,59.88,1.13,28.53,314.53,8.42,1.19,0.53,1.53,0.52,0.68,0.89,94.98,5.71,1.08,Europe,Southeast Europe
365,490,Southampton,United Kingdom,73.22,31.68,53.66,63.49,76.56,114.19,1.2,72.08,888.31,25.89,3.39,1.14,2.79,1.4,1.79,3.28,224.63,11.8,2.45,Europe,Northern Europe
366,491,Split,Croatia,52.56,11.85,33.39,43.51,49.19,56.46,0.81,43.29,347.99,23.27,1.62,1.46,2.36,0.91,1.08,1.64,156.85,4.48,1.31,Europe,Southeast Europe
367,495,Stavanger,Norway,112.21,39.92,78.17,102.76,131.01,130.96,1.96,84.12,1220.57,39.95,4.89,3.1,4.42,2.1,3.75,4.33,186.21,14.42,3.27,Europe,Northern Europe
368,496,Stockholm,Sweden,84.85,40.97,64.19,77.06,88.93,112.88,1.25,92.75,1251.31,28.07,3.96,2.17,3.17,1.86,2.06,4.23,78.98,14.09,2.73,Europe,Northern Europe
369,497,Stuttgart,Germany,69.3,28.19,49.94,53.52,67.57,142.13,0.78,89.28,750.29,31.1,2.9,2.03,2.02,0.34,0.86,3.12,220.89,11.16,1.96,Europe,Western Europe
370,498,Sumy,Ukraine,23.91,4.42,14.74,19.8,15.93,32.56,0.55,0.0,147.97,1.49,0.6,0.31,0.83,0.42,0.5,0.11,55.52,2.5,0.69,Europe,Eastern Europe
371,499,Surabaya,Indonesia,40.92,11.78,27.2,42.55,22.53,29.07,1.23,11.29,353.9,23.56,1.92,0.21,1.34,0.39,1.68,0.38,85.93,3.76,2.82,Asia,South-Eastern Asia
372,500,Surat,India,25.17,4.78,15.57,24.46,20.27,58.87,0.74,7.46,108.52,17.43,1.16,0.22,0.83,0.42,1.97,0.3,23.63,3.5,2.09,Asia,Southern Asia
373,501,Surrey,Canada,65.59,30.45,49.04,64.81,62.95,77.57,1.2,73.87,836.34,43.59,2.91,1.34,2.85,1.4,1.78,2.1,87.06,9.94,2.74,Americas,North America
374,502,Suzhou,China,40.62,13.69,27.94,42.18,30.17,72.41,1.97,22.46,464.23,15.47,3.55,0.27,1.88,0.7,0.67,0.3,54.79,5.62,1.91,Asia,Eastern Asia
375,503,Swansea,United Kingdom,70.91,22.28,48.01,59.33,71.53,95.45,0.97,96.99,731.77,30.89,3.32,1.26,3.74,2.84,2.62,3.93,207.37,9.83,2.46,Europe,Northern Europe
376,504,Sydney,Australia,85.51,64.78,75.75,77.0,73.17,120.51,1.3,120.38,1876.53,51.18,2.82,1.93,3.6,2.01,4.05,3.01,132.01,15.05,2.99,Oceania,Australia and New Zealand
377,506,Szczecin,Poland,38.75,10.39,25.4,30.11,30.86,68.01,0.59,25.61,297.74,12.33,1.89,0.59,1.66,0.46,0.71,0.77,170.7,6.4,0.7,Europe,Central Europe
378,508,Taipei,Taiwan,64.76,21.52,44.4,76.4,30.89,126.74,2.73,31.51,549.3,25.63,2.62,0.6,1.95,1.12,1.41,0.63,64.36,9.45,3.32,Asia,Eastern Asia
379,510,Tallinn,Estonia,52.73,16.71,35.77,38.16,55.23,70.96,0.61,25.67,517.87,17.47,2.61,1.38,1.31,0.87,1.02,1.79,191.14,7.81,1.25,Europe,Northern Europe
380,512,Tampere,Finland,77.11,24.89,52.52,63.45,90.31,112.96,1.07,53.57,759.77,15.98,3.56,1.77,2.0,1.72,3.17,2.96,162.98,13.39,2.46,Europe,Northern Europe
381,513,Tartu,Estonia,49.28,12.59,32.0,37.99,47.37,78.36,0.67,17.86,355.86,16.74,2.34,0.98,1.33,0.84,1.11,1.12,171.56,6.7,0.95,Europe,Northern Europe
382,514,Tashkent,Uzbekistan,40.2,12.49,27.16,34.66,27.98,25.6,1.05,15.0,350.0,158.75,1.54,0.25,1.25,0.38,1.01,0.21,58.27,5.0,1.52,Asia,Central Asia
383,515,Tauranga,New Zealand,80.06,31.27,57.09,69.2,84.99,83.47,1.62,59.37,1020.89,59.8,3.35,1.93,3.19,0.72,3.99,2.61,164.47,12.32,2.9,Oceania,Australia and New Zealand
384,516,Tbilisi,Georgia,32.53,11.28,22.53,26.21,31.66,33.64,1.15,13.04,334.73,11.61,1.61,0.17,1.59,0.43,0.85,0.22,60.23,5.11,0.98,Asia,Western Asia
385,518,Tel AvivNAyafo,Israel,81.12,39.8,61.66,66.51,92.09,91.23,1.55,64.92,1158.94,22.56,3.21,1.99,3.31,1.19,2.29,1.82,183.09,10.56,2.5,Asia,Western Asia
386,519,Thane,India,27.73,8.56,18.7,28.16,18.03,60.4,0.68,7.46,231.96,16.59,1.27,0.2,0.82,0.41,1.69,0.37,53.6,3.73,2.24,Asia,Southern Asia
387,520,The Hague,Netherlands,78.13,40.19,60.27,61.52,87.12,115.14,0.98,86.49,1146.64,38.62,2.98,2.47,2.19,0.94,1.13,3.91,183.11,12.83,2.6,Europe,Western Europe
388,521,Thessaloniki,Greece,55.41,10.29,34.17,42.73,57.83,61.9,1.22,33.48,298.97,21.82,3.58,0.56,3.08,0.84,1.12,1.12,153.0,8.37,1.39,Europe,Southern Europe
389,522,Thiruvananthapuram,India,19.55,4.57,12.5,19.83,11.39,81.6,0.6,5.22,116.81,27.25,0.94,0.19,0.79,0.44,1.11,0.13,20.38,1.64,1.89,Asia,Southern Asia
390,523,Tijuana,Mexico,33.37,8.14,21.49,31.39,30.48,65.27,0.91,26.64,229.0,25.57,2.1,0.6,1.47,0.78,1.03,0.67,44.87,3.73,1.82,Americas,North America
391,524,Timisoara,Romania,36.22,9.21,23.5,29.55,27.72,56.42,0.94,15.03,254.06,8.29,1.32,0.92,1.58,0.57,0.78,0.5,116.34,5.01,0.84,Europe,Southeast Europe
392,525,Tirana,Albania,34.66,9.6,22.86,26.61,30.95,37.61,1.01,9.76,288.5,16.85,1.17,0.46,1.21,0.49,0.73,0.33,64.26,4.07,0.84,Europe,Southeast Europe
393,526,Tiruchirapalli (Trichy),India,20.85,3.43,12.65,21.04,10.75,68.68,0.58,11.18,87.98,44.73,0.93,0.2,0.73,0.39,1.04,0.15,24.42,1.79,2.01,Asia,Southern Asia
394,527,Tokyo,Japan,89.74,43.44,67.94,94.03,55.66,98.09,1.71,83.9,1095.29,33.45,3.54,0.97,2.16,1.54,2.44,1.69,153.19,16.09,7.02,Asia,Eastern Asia
395,528,Toronto,Canada,69.5,39.87,55.55,64.79,67.63,124.88,1.76,108.2,1165.27,41.44,2.73,1.18,2.47,1.57,1.91,2.45,95.81,9.94,3.03,Americas,North America
396,529,Toulouse,France,74.76,25.66,51.64,69.93,77.48,117.27,0.93,52.23,682.29,28.85,3.12,2.17,3.35,1.95,1.49,1.79,140.35,11.16,2.56,Europe,Western Europe
397,530,Trento,Italy,70.35,25.17,49.07,61.05,70.96,102.79,1.32,33.48,656.55,30.97,1.66,1.36,2.75,0.69,1.18,1.34,158.46,9.49,1.95,Europe,Southern Europe
398,531,Treviso,Italy,75.99,19.4,49.34,60.56,83.7,93.54,1.56,39.06,595.17,31.14,1.48,1.16,2.94,0.53,1.39,1.45,210.65,8.93,2.16,Europe,Southern Europe
399,532,Trieste,Italy,68.7,20.97,46.23,59.26,78.98,94.42,1.42,38.33,509.15,30.11,1.74,1.34,3.13,0.35,1.12,1.51,111.59,7.81,1.9,Europe,Southern Europe
400,534,Tromso,Norway,118.19,44.22,83.36,99.61,146.08,97.59,1.83,84.12,1261.77,40.06,4.31,3.16,4.45,2.04,3.48,6.01,264.77,13.22,3.27,Europe,Northern Europe
401,535,Trondheim,Norway,111.42,39.76,77.68,100.6,119.82,103.55,1.97,82.92,1145.68,44.69,4.53,3.17,4.13,2.69,3.71,6.01,228.23,14.42,3.04,Europe,Northern Europe
402,538,Tunis,Tunisia,31.18,7.31,19.94,28.86,21.82,39.87,0.53,13.6,216.01,20.44,0.66,0.24,0.88,0.27,1.08,0.23,48.81,2.27,1.69,Africa,Northern Africa
403,539,Turin,Italy,69.16,21.03,46.5,59.79,71.32,90.07,1.46,42.41,574.17,29.21,1.55,1.07,2.88,0.44,1.44,1.67,143.16,8.93,1.74,Europe,Southern Europe
404,540,Turku,Finland,79.87,24.08,53.6,66.77,88.98,124.37,0.94,58.03,706.77,22.91,3.12,1.93,1.94,1.34,2.97,3.35,144.87,13.39,1.98,Europe,Northern Europe
405,541,Ulaanbaatar,Mongolia,61.3,36.64,49.69,60.17,31.83,21.61,1.09,20.19,738.58,25.73,2.91,0.6,2.42,0.84,0.94,0.25,76.24,4.01,4.63,Asia,Eastern Asia
406,542,Uppsala,Sweden,73.69,24.01,50.3,61.77,77.08,123.97,1.05,88.05,719.1,25.81,3.4,1.76,3.17,1.6,1.76,3.17,102.71,14.09,2.38,Europe,Northern Europe
407,543,Utrecht,Netherlands,75.18,35.05,56.28,61.31,86.41,117.81,0.95,68.07,1004.35,25.67,2.81,1.9,2.53,0.95,1.28,2.79,179.99,11.16,2.38,Europe,Western Europe
408,544,Vadodara,India,26.1,4.3,15.83,27.59,18.39,76.13,0.7,7.46,98.24,11.93,1.41,0.17,0.86,0.39,2.41,0.15,27.2,2.98,1.97,Asia,Southern Asia
409,545,Valencia,Spain,53.67,16.79,36.3,43.01,53.14,92.6,0.83,46.76,512.72,35.92,1.67,0.99,1.69,0.67,0.85,1.67,115.92,8.93,1.82,Europe,Southern Europe
410,546,Valenzuela,Philippines,31.51,3.5,18.32,31.41,15.7,39.19,1.58,3.76,83.62,40.57,1.64,0.25,1.29,0.65,0.95,0.17,69.16,3.98,2.11,Asia,South-Eastern Asia
411,547,Vancouver,Canada,70.54,45.13,58.58,73.37,66.45,101.38,1.87,70.34,1196.05,44.63,3.1,1.36,3.13,1.77,2.87,2.1,54.8,9.98,3.08,Americas,North America
412,549,Varna,Bulgaria,36.48,8.0,23.07,31.04,29.62,45.72,1.05,25.1,236.57,8.44,1.28,0.51,1.43,0.58,0.96,0.57,82.55,5.71,1.06,Europe,Southeast Europe
413,550,Venice,Italy,96.27,29.69,64.92,82.43,100.97,68.41,1.49,41.29,839.34,34.59,2.01,1.59,3.57,0.43,1.39,2.5,350.71,9.49,2.71,Europe,Southern Europe
414,551,Verona,Italy,81.81,24.66,54.9,70.57,80.06,54.12,1.39,41.29,799.76,32.08,1.53,1.29,3.27,0.55,1.23,1.51,237.66,10.04,1.95,Europe,Southern Europe
415,552,Vicenza,Italy,77.81,19.31,50.27,61.53,77.23,81.46,1.34,48.54,472.42,39.06,1.83,1.73,2.79,0.77,1.0,1.9,177.19,11.16,1.82,Europe,Southern Europe
416,553,Victoria,Canada,70.56,31.55,52.19,73.34,64.7,111.43,1.61,64.5,859.39,49.12,3.15,1.33,2.74,1.97,1.97,1.9,77.99,9.21,2.99,Americas,North America
417,554,Vienna,Austria,67.77,31.97,50.91,59.63,68.95,108.84,1.13,53.57,810.85,24.92,3.4,1.64,3.53,0.59,1.02,2.46,164.17,11.16,2.32,Europe,Central Europe
418,555,Vijayawada,India,24.96,4.82,15.48,24.97,12.7,55.64,0.77,7.46,127.68,12.18,1.42,0.19,0.82,0.47,1.17,0.15,26.63,1.86,2.22,Asia,Southern Asia
419,556,Vilnius,Lithuania,48.62,15.39,32.98,37.79,42.05,57.9,0.94,32.36,477.23,10.37,2.1,0.73,1.79,0.76,0.96,1.12,174.78,6.7,1.14,Europe,Northern Europe
420,557,Visakhapatnam,India,24.11,5.34,15.27,25.43,14.03,58.98,0.64,10.81,133.53,13.53,1.11,0.18,0.78,0.37,1.55,0.15,24.89,2.24,1.69,Asia,Southern Asia
421,558,Warsaw,Poland,41.15,19.34,30.88,31.76,35.19,80.18,0.65,28.17,545.08,11.44,2.19,0.76,1.95,0.51,0.82,1.13,159.91,6.66,0.72,Europe,Central Europe
422,560,Waterloo,Canada,79.45,29.89,56.11,76.71,69.21,138.28,2.92,60.64,731.13,50.03,3.14,1.38,2.87,1.69,2.15,2.33,294.34,8.55,3.59,Americas,North America
423,561,Wellington,New Zealand,79.47,35.94,58.97,70.41,75.85,129.26,1.76,108.73,904.34,61.62,3.24,2.05,3.19,1.3,4.53,2.54,118.01,10.87,2.21,Oceania,Australia and New Zealand
424,564,Windhoek,Namibia,39.88,22.57,31.73,34.35,36.02,50.73,1.12,12.08,565.2,59.18,1.5,0.63,1.84,0.92,0.95,0.69,80.84,4.14,1.85,Africa,Southern Africa
425,565,Windsor,Canada,72.11,20.35,47.74,63.13,62.36,120.65,1.2,66.55,569.4,46.02,2.31,1.17,2.31,1.81,2.78,2.1,276.71,8.99,2.72,Americas,North America
426,566,Winnipeg,Canada,68.83,25.97,48.65,65.95,65.36,102.11,1.26,65.33,705.73,44.81,2.92,1.21,2.48,1.65,2.33,1.99,126.72,9.12,3.12,Americas,North America
427,567,Wollongong,Australia,79.49,33.8,57.98,79.51,73.96,117.04,1.5,67.72,777.98,52.67,3.34,1.74,3.39,1.76,3.41,3.2,164.84,11.29,3.57,Oceania,Australia and New Zealand
428,568,Wroclaw,Poland,39.44,16.55,28.66,30.73,33.16,74.91,0.6,23.05,466.06,11.21,1.96,0.63,1.47,0.45,0.76,0.77,160.84,5.89,0.74,Europe,Central Europe
429,569,Yekaterinburg,Russia,33.82,11.38,23.25,27.96,34.61,51.11,0.73,21.83,337.63,5.95,1.43,0.53,0.96,0.66,0.83,0.35,92.34,3.6,1.22,Europe,Eastern Europe
430,570,Yerevan,Armenia,34.56,11.6,23.75,26.56,31.68,33.66,0.88,12.64,340.04,15.08,1.61,0.35,1.52,0.48,0.84,0.21,80.1,4.21,0.88,Asia,Western Asia
431,571,Yogyakarta,Indonesia,37.83,7.64,23.61,36.93,14.48,18.06,0.98,5.65,361.43,28.24,1.21,0.2,1.07,0.4,2.07,0.26,119.12,2.64,2.18,Asia,South-Eastern Asia
432,572,Zagreb,Croatia,50.48,12.81,32.75,42.22,40.13,69.54,0.86,53.74,379.73,23.96,1.54,1.31,2.2,1.01,1.16,1.49,176.99,5.22,1.32,Europe,Southeast Europe
433,573,Zaragoza (Saragossa),Spain,64.52,16.53,41.93,55.92,56.39,83.35,1.13,47.99,440.8,28.79,1.52,1.23,1.94,0.89,0.95,1.51,216.93,7.81,2.05,Europe,Southern Europe
434,574,Zug,Switzerland,122.1,68.16,96.7,119.77,120.27,163.79,1.45,66.17,1890.65,46.98,5.01,3.4,6.11,0.99,2.47,3.66,174.46,16.29,2.95,Europe,Western Europe
435,575,Zurich,Switzerland,132.32,66.33,101.25,129.27,135.98,159.67,1.57,87.55,1832.87,49.18,4.99,3.63,5.24,1.29,1.86,4.28,196.04,18.32,3.69,Europe,Western Europe
